ORGANIZATION_CODE,ORGANIZATION_PARENT,ORGANIZATION_NAME_EN,ORGANIZATION_NAME_DE,ORGANIZATION_NAME_FR,ORGANIZATION_NAME_JA,ORGANIZATION_NAME_AR,ORGANIZATION_NAME_CS,ORGANIZATION_NAME_DA,ORGANIZATION_NAME_EL,ORGANIZATION_NAME_ES,ORGANIZATION_NAME_FI,ORGANIZATION_NAME_HR,ORGANIZATION_NAME_HU,ORGANIZATION_NAME_ID,ORGANIZATION_NAME_IT,ORGANIZATION_NAME_KK,ORGANIZATION_NAME_KO,ORGANIZATION_NAME_MS,ORGANIZATION_NAME_NL,ORGANIZATION_NAME_NO,ORGANIZATION_NAME_PL,ORGANIZATION_NAME_PT,ORGANIZATION_NAME_RO,ORGANIZATION_NAME_RU,ORGANIZATION_NAME_SC,ORGANIZATION_NAME_SL,ORGANIZATION_NAME_SV,ORGANIZATION_NAME_TC,ORGANIZATION_NAME_TH,ORGANIZATION_NAME_TR
000,GOCON,Unspecified branch,Nicht angegebene Zweigstelle,Succursale non définie,支店 (指定なし),فرع غير محدد,Neurčená pobočka,Uspecificeret afdeling,Μη καθορισμένο υποκατάστημα,Sucursal sin especificar,Määrittämätön haarapaikka,Nespecificirana podružnica,Nem meghatározott részleg,Cabang tidak ditetapkan,Filiale non specificata,Көрсетілмеген бөлім,명시되지 않은 지점,Cawangan yang tidak ditentukan,Ongespecificeerd filiaal,Uspesifisert filial,Oddział nieokreślony,Unidade não especificada,Filială nespecificată,Не указанный филиал,未指定的分部,Nepodana podružnica,Ospecificerad avdelning,未指定分店,สาขาที่ไม่ระบุ,Belirtilmemiş şube
006,GOCEUOP,Sales branch 6 - Paris - FRA,Zweigstelle 6 - Paris - FRA,Succursale 6 - Paris - FRA,販売支店 6 - Paris - FRA,فرع المبيعات 6 - باريس - FRA,Prodejní pobočka 6 - Paříž - FRA,Salgsafdeling 6 - Paris - FRA,Υποκατάστημα πωλήσεων 6 - Paris - FRA,Sucursal de ventas 6 - Paris - FRA,Myyntihaarapaikka 6 – Pariisi – FRA,Prodajna podružnica 6 - Pariz - FRA,6. értékesítési részleg - Párizs - FRA,Cabang penjualan 6 - Paris - FRA,Filiale di vendita 6 - Parigi - FRA,6 сатылымдар бөлімі - Париж - ФРА,영업점 6 - Paris - FRA,Cawangan jualan 6 - Paris - FRA,Verkoopkantoor 6 - Paris - FRA,Salgsfilial 6 - Paris - FRA,Oddział sprzedaży 6 - Paryż - FRA,Unidade de vendas 6 - Paris - FRA,Filiala vânzări 6 - Paris - FRA,Торговый филиал 6 - Париж - ФРА,销售分部 6 - 巴黎 - 法国,Prodajna podružnica 6 - Pariz - FRA,Försäljningsavdelning 6 - Paris - FRA,銷售分店 6 - 巴黎 - 法國,ร้านค้าสาขา 6 - ปารีส - ฝรั่งเศส,Satış şubesi 6 - Paris - FRA
007,GOSEUOP,Sales branch 7 - Milano - ITA,Zweigstelle 7 - Milano - ITA,Succursale 7 - Milano - ITA,販売支店 7 - Milano - ITA,فرع المبيعات 7 - ميلانو - ITA,Prodejní pobočka 7 - Milán - ITA,Salgsafdeling 7 - Milano - ITA,Υποκατάστημα πωλήσεων 7 - Milano - ITA,Sucursal de ventas 7 - Milano - ITA,Myyntihaarapaikka 7 – Milano – ITA,Prodajna podružnica 7 - Milano - ITA,7. értékesítési részleg - Milánó - ITA,Cabang penjualan 7 - Milano - ITA,Filiale di vendita 7 - Milano - ITA,7 сатылымдар бөлімі - Милан - ИТА,영업점 7 - Milano - ITA,Cawangan jualan 7 - Milano - ITA,Verkoopkantoor 7 - Milano - ITA,Salgsfilial 7 - Milano - ITA,Oddział sprzedaży 7 - Milano - ITA,Unidade de vendas 7 - Milão - ITA,Filiala vânzări 7 - Milano - ITA,Торговый филиал 7 - Милан - ИТА,销售分部 7 - 米兰 - 意大利,Prodajna podružnica 7 - Milano - ITA,Försäljningsavdelning 7 - Milano - ITA,銷售分店 7 - 米蘭 - 義大利,ร้านค้าสาขา 7 - มิลาโน - อิตาลี,Satış şubesi 7 - Milano - ITA
009,GONEUOP,Sales branch 9 - Amsterdam - NLD,Zweigstelle 9 - Amsterdam - NLD,Succursale 9 - Amsterdam - NLD,販売支店 9 - Amsterdam - NLD,فرع المبيعات 9 - أمستردام - NLD,Prodejní pobočka 9 - Amsterdam - NLD,Salgsafdeling 9 - Amsterdam - NLD,Υποκατάστημα πωλήσεων 9 - Amsterdam - NLD,Sucursal de ventas 9 - Amsterdam - NLD,Myyntihaarapaikka 9 – Amsterdam – NLD,Prodajna podružnica 9 - Amsterdam - NLD,9. értékesítési részleg - Amszterdam - NLD,Cabang penjualan 9 - Amsterdam - NLD,Filiale di vendita 9 - Amsterdam - NLD,9 сатылымдар бөлімі - Амстердам - НЛД,영업점 9 - Amsterdam - NLD,Cawangan jualan 9 - Amsterdam - NLD,Verkoopkantoor 9 - Amsterdam - NLD,Salgsfilial 9 - Amsterdam - NLD,Oddział sprzedaży 9 - Amsterdam - NLD,Unidade de vendas 9 - Amsterdã - NLD,Filiala vânzări 9 - Amsterdam - NLD,Торговый филиал 9 - Амстердам - НИД,销售分部 9 - 阿姆斯特丹 - 荷兰,Prodajna podružnica 9 - Amsterdam - NIZ,Försäljningsavdelning 9 - Amsterdam - NLD,銷售分店 9 - 阿姆斯特丹 - 荷蘭,ร้านค้าสาขา 9 - อัมสเตอร์ดัม - เนเธอร์แลนด์,Satış şubesi 9 - Amsterdam - NLD
013,GOCEUOP,Sales branch 13 - Hamburg - DEU,Zweigstelle 13 - Hamburg - DEU,Succursale 13 - Hamburg - DEU,販売支店 13 - Hamburg - DEU,فرع المبيعات 13 - هامبرج - DEU,Prodejní pobočka 13 - Hamburg - DEU,Salgsafdeling 13 - Hamburg - DEU,Υποκατάστημα πωλήσεων 13 - Hamburg - DEU,Sucursal de ventas 13 - Hamburg - DEU,Myyntihaarapaikka 13 – Hampuri – DEU,Prodajna podružnica 13 - Hamburg - DEU,13. értékesítési részleg - Hamburg - DEU,Cabang penjualan 13 - Hamburg - DEU,Filiale di vendita 13 - Amburgo - DEU,13 сатылымдар бөлімі - Гамбург - ГЕР,영업점 13 - Hamburg - DEU,Cawangan jualan 13 - Hamburg - DEU,Verkoopkantoor 13 - Hamburg - DEU,Salgsfilial 13 - Hamburg - DEU,Oddział sprzedaży 13 - Hamburg - DEU,Unidade de vendas 13 - Hamburgo - DEU,Filiala vânzări 13 - Hamburg - DEU,Торговый филиал 13 - Гамбург - ГЕР,销售分部 13 - 汉堡 - 德国,Prodajna podružnica 13 - Hamburg - NEM,Försäljningsavdelning 13 - Hamburg - DEU,銷售分店 13 - 漢堡 - 德國,ร้านค้าสาขา 13 - ฮัมบวร์ก - เยอรมนี,Satış şubesi 13 - Hamburg - DEU
014,GOCEUOP,Sales branch 14 - München - DEU,Zweigstelle 14 - München - DEU,Succursale 14 - München - DEU,販売支店 14 - München - DEU,فرع المبياعات 14 - ميونخ - DEU,Prodejní pobočka 14 - Mnichov - DEU,Salgsafdeling 14 - München - DEU,Υποκατάστημα πωλήσεων 14 - München - DEU,Sucursal de ventas 14 - München - DEU,Myyntihaarapaikka 14 – München – DEU,Prodajna podružnica 14 - Minhen - DEU,14. értékesítési részleg - Hamburg - DEU,Cabang penjualan 14 - München - DEU,Filiale di vendita 14 - Monaco - DEU,14 сатылымдар бөлімі - Мюнхен - ГЕР,영업점 14 - München - DEU,Cawangan jualan 14 - München - DEU,Verkoopkantoor 14 - München - DEU,Salgsfilial 14 - München - DEU,Oddział sprzedaży 14 - Monachium - DEU,Unidade de vendas 14 - Munique - DEU,Filiala vânzări 14 - München - DEU,Торговый филиал 14 - Мюнхен - ГЕР,销售分部 14 - 慕尼黑 - 德国,Prodajna podružnica 14 - München - NEM,Försäljningsavdelning 14 - München - DEU,銷售分店 14 - 慕尼黑 - 德國,ร้านค้าสาขา 14 - มิวนิก - เยอรมนี,Satış şubesi 14 - Münih - DEU
015,GONEUOP,Sales branch 15 - Kista - SWE,Zweigstelle 15 - Kista - SWE,Succursale 15 - Kista - SWE,販売支店 15 - Kista - SWE,فرع المبيعات 15 - كيستا - SWE,Prodejní pobočka 15 - Kista - SWE,Salgsafdeling 15 - Kista - SWE,Υποκατάστημα πωλήσεων 15 - Kista - SWE,Sucursal de ventas 15 - Kista - SWE,Myyntihaarapaikka 15 – Kista – SWE,Prodajna podružnica 15 - Kista - SWE,15. értékesítési részleg - Kista - SWE,Cabang penjualan 15 - Kista - SWE,Filiale di vendita 15 - Kista - SWE,15 сатылымдар бөлімі - Чиста - ШВЕ,영업점 15 - Kista - SWE,Cawangan jualan 15 - Amsterdam - NLD,Verkoopkantoor 15 - Kista - SWE,Salgsfilial 15 - Kista - SWE,Oddział sprzedaży 15 - Kista - SWE,Unidade de vendas 15 - Kista - SWE,Filiala vânzări 15 - Kista - SWE,Торговый филиал 15 - Киста - ШВЕ,销售分部 15 - 西斯塔 - 瑞典,Prodajna podružnica 15 - Kista - ŠVE,Försäljningsavdelning 15 - Kista - SWE,銷售分店 15 - 西斯塔 - 瑞典,ร้านค้าสาขา 15 - คิสตา - สวีเดน,Satış şubesi 15 - Kista - SWE
017,GOAMXOP,Sales branch 17 - Calgary - CAN,Zweigstelle 17 - Calgary - CAN,Succursale 17 - Calgary - CAN,販売支店 17 - Calgary - CAN,فرع المبيعات 17 - كالجري - CAN,Prodejní pobočka 17 - Calgary - CAN,Salgsafdeling 17 - Calgary - CAN,Υποκατάστημα πωλήσεων 17 - Calgary - CAN,Sucursal de ventas 17 - Calgary - CAN,Myyntihaarapaikka 17 – Calgary – CAN,Prodajna podružnica 17 - Calgary - CAN,17. értékesítési részleg - Calgary - CAN,Cabang penjualan 17 - Calgary - CAN,Filiale di vendita 17 - Calgary - CAN,17 сатылымдар бөлімі - Калгари - КАН,영업점 17 - Calgary - CAN,Cawangan jualan 17  - Calgary - CAN,Verkoopkantoor 17 - Calgary - CAN,Salgsfilial 17 - Calgary - CAN,Oddział sprzedaży 17 - Calgary - CAN,Unidade de vendas 17 - Calgary - CAN,Filiala vânzări 17 - Calgary - CAN,Торговый филиал 17 - Калгари - КАН,销售分部 17 - 卡尔加里 - 加拿大,Prodajna podružnica 17 - Calgary - KAN,Försäljningsavdelning 17 - Calgary - CAN,銷售分店 17 - 卡加利 - 加拿大,ร้านค้าสาขา 17 - แคลการี - แคนาดา,Satış şubesi 17 - Calgary - CAN
018,GOAMXOP,Sales branch 18 - Toronto - CAN,Zweigstelle 18 - Toronto - CAN,Succursale 18 - Toronto - CAN,販売支店 18 - Toronto - CAN,فرع المبيعات 18 - تورنتو - CAN,Prodejní pobočka 18 - Toronto - CAN,Salgsafdeling 18 - Toronto - CAN,Υποκατάστημα πωλήσεων 18 - Toronto - CAN,Sucursal de ventas 18 - Toronto - CAN,Myyntihaarapaikka 18 – Toronto – CAN,Prodajna podružnica 18 - Toronto - CAN,18. értékesítési részleg - Toronto - CAN,Cabang penjualan 18 - Toronto - CAN,Filiale di vendita 18 - Toronto - CAN,18 сатылымдар бөлімі - Торонто - КАН,영업점 18 - Toronto - CAN,Cawangan jualan 18  - Toronto - CAN,Verkoopkantoor 18 - Toronto - CAN,Salgsfilial 18 - Toronto - CAN,Oddział sprzedaży 18 - Toronto - CAN,Unidade de vendas 18 - Toronto - CAN,Filiala vânzări 18 - Toronto - CAN,Торговый филиал 18 - Торонто - КАН,销售分部 18 - 多伦多 - 加拿大,Prodajna podružnica 18 - Toronto - KAN,Försäljningsavdelning 18 - Toronto - CAN,銷售分店 18 - 多倫多 - 加拿大,ร้านค้าสาขา 18 - โทรอนโต - แคนาดา,Satış şubesi 18 - Toronto - CAN
019,GOAMXOP,Sales branch 19 - Boston - USA,Zweigstelle 19 - Boston - USA,Succursale 19 - Boston - USA,販売支店 19 - Boston - USA,فرع المبيعات 19 - بوسطن - USA,Prodejní pobočka 19 - Boston - USA,Salgsafdeling 19 - Boston - USA,Υποκατάστημα πωλήσεων 19 - Boston - USA,Sucursal de ventas 19 - Boston - USA,Myyntihaarapaikka 19 – Boston – USA,Prodajna podružnica 19 - Boston - USA,19. értékesítési részleg - Boston - USA,Cabang penjualan 19 - Boston - USA,Filiale di vendita 19 - Boston - USA,19 сатылымдар бөлімі - Бостон - АҚШ,영업점 19 - Boston - USA,Cawangan jualan 19  - Boston - USA,Verkoopkantoor 19 - Boston - USA,Salgsfilial 19 - Boston - USA,Oddział sprzedaży 19 - Boston - USA,Unidade de vendas 19 - Boston - USA,Filiala vânzări 19 - Boston - USA,Торговый филиал 19 - Бостон - США,销售分部 19 - 波士顿 - 美国,Prodajna podružnica 19 - Boston - ZDA,Försäljningsavdelning 19 - Boston - USA,銷售分店 19 - 波士頓 - 美國,ร้านค้าสาขา 19 - บอสตัน - สหรัฐฯ,Satış şubesi 19 - Boston - USA
020,GOAMXOP,Sales branch 20 - Seattle - USA,Zweigstelle 20 - Seattle - USA,Succursale 20 - Seattle - USA,販売支店 20 - Seattle - USA,فرع المبيعات 20 - سياتل - USA,Prodejní pobočka 20 - Seattle - USA,Salgsafdeling 20 - Seattle - USA,Υποκατάστημα πωλήσεων 20 - Seattle - USA,Sucursal de ventas 20 - Seattle - USA,Myyntihaarapaikka 20 – Seattle – USA,Prodajna podružnica 20 - Seattle - USA,20. értékesítési részleg - Seattle - USA,Cabang penjualan 20 - Seattle - USA,Filiale di vendita 20 - Seattle - USA,20 сатылымдар бөлімі - Сиэтл - АҚШ,영업점 20 - Seattle - USA,Cawangan jualan 20 - Seattle - USA,Verkoopkantoor 20 - Seattle - USA,Salgsfilial 20 - Seattle - USA,Oddział sprzedaży 20 - Seattle - USA,Unidade de vendas 20 - Seattle - USA,Filiala vânzări 20 - Seattle - USA,Торговый филиал 20 - Сиэтл - США,销售分部 20 - 西雅图 - 美国,Prodajna podružnica 20 - Seattle - ZDA,Försäljningsavdelning 20 - Seattle - USA,銷售分店 20 - 西雅圖 - 美國,ร้านค้าสาขา 20 - ซีแอตเติล - สหรัฐฯ,Satış şubesi 20 - Seattle - USA
021,GOAMXOP,Sales branch 21 - Los Angeles - USA,Zweigstelle 21 - Los Angeles - USA,Succursale 21 - Los Angeles - USA,販売支店 21 - Los Angeles - USA,فرع المبيعات 21 - لوس أنجلوس - USA,Prodejní pobočka 21 - Los Angeles - USA,Salgsafdeling 21 - Los Angeles - USA,Υποκατάστημα πωλήσεων 21 - Los Angeles - USA,Sucursal de ventas 21 - Los Angeles - USA,Myyntihaarapaikka 21 – Los Angeles – USA,Prodajna podružnica 21 - Los Angeles - USA,21. értékesítési részleg - Los Angeles - USA,Cabang penjualan 21 - Los Angeles - USA,Filiale di vendita 21 - Los Angeles - USA,21 сатылымдар бөлімі - Лос-Анджелес - АҚШ,영업점 21 - Los Angeles - USA,Cawangan jualan 21 - Los Angeles - USA,Verkoopkantoor 21 - Los Angeles - USA,Salgsfilial 21 - Los Angeles - USA,Oddział sprzedaży 21 - Los Angeles - USA,Unidade de vendas 21 - Los Angeles - USA,Filiala vânzări 21 - Los Angeles - USA,Торговый филиал 21 - Лос-Анджелес - США,销售分部 21 - 洛杉矶 - 美国,Prodajna podružnica 21 - Los Angeles - ZDA,Försäljningsavdelning 21 - Los Angeles - USA,銷售分店 21 - 洛杉磯 - 美國,ร้านค้าสาขา 21 - ลอสแองเจลิส - สหรัฐฯ,Satış şubesi 21 - Los Angeles - USA
025,GOEAXOP,Sales branch 25 - Tokyo - JPN,Zweigstelle 25 - Tokyo - JPN,Succursale 25 - Tokyo - JPN,販売支店 25 - Tokyo - JPN,فرع المبيعات 25 - طوكيو - JPN,Prodejní pobočka 25 - Tokio - JPN,Salgsafdeling 25 - Tokyo - JPN,Υποκατάστημα πωλήσεων 25 - Tokyo - JPN,Sucursal de ventas 25 - Tokyo - JPN,Myyntihaarapaikka 25 – Tokio – JPN,Prodajna podružnica 25 - Tokio - JPN,25. értékesítési részleg - Tokió - JPN,Cabang penjualan 25 - Tokyo - JPN,Filiale di vendita 25 - Tokyo - JPN,25 сатылымдар бөлімі - Токио - ЖАП,영업점 25 - Tokyo - JPN,Cawangan jualan 25 - Tokyo - JPN,Verkoopkantoor 25 - Tokyo - JPN,Salgsfilial 25 - Tokyo - JPN,Oddział sprzedaży 25 - Tokio - JPN,Unidade de vendas 25 - Tóquio - JPN,Filiala vânzări 25 - Tokyo - JPN,Торговый филиал 25 - Токио - ЯПО,销售分部 25 - 东京 - 日本,Prodajna podružnica 25 - Tokyo - JPN,Försäljningsavdelning 25 - Tokyo - JPN,銷售分店 25 - 東京 - 日本,ร้านค้าสาขา 25 - โตเกียว - ญี่ปุ่น,Satış şubesi 25 - Tokyo - JPN
026,GOEAXOP,Sales branch 26 - Osaka - JPN,Zweigstelle 26 - Osaka - JPN,Succursale 26 - Osaka - JPN,販売支店 26 - Osaka - JPN,فرع المبيعات 26 - أوساكا - JPN,Prodejní pobočka 26 - Ósaka - JPN,Salgsafdeling 26 - Osaka - JPN,Υποκατάστημα πωλήσεων 26 - Osaka - JPN,Sucursal de ventas 26 - Osaka - JPN,Myyntihaarapaikka 26 – Osaka – JPN,Prodajna podružnica 26 - Osaka - JPN,26. értékesítési részleg - Oszaka - JPN,Cabang penjualan 26 - Osaka - JPN,Filiale di vendita 26 - Osaka - JPN,26 сатылымдар бөлімі - Осака - ЖАП,영업점 26 - Osaka - JPN,Cawangan jualan 26 - Osaka - JPN,Verkoopkantoor 26 - Osaka - JPN,Salgsfilial 26 - Osaka - JPN,Oddział sprzedaży 26 - Osaka - JPN,Unidade de vendas 26 - Osaka - JPN,Filiala vânzări 26 - Osaka - JPN,Торговый филиал 26 - Осака - ЯПО,销售分部 26 - 大阪 - 日本,Prodajna podružnica 26 - Osaka - JPN,Försäljningsavdelning 26 - Osaka - JPN,銷售分店 26 - 大阪 - 日本,ร้านค้าสาขา 26 - โอซากา - ญี่ปุ่น,Satış şubesi 26 - Osaka - JPN
028,GOEAXOP,Sales branch 28 - Melbourne - AUS,Zweigstelle 28 - Melbourne - AUS,Succursale 28 - Melbourne - AUS,販売支店 28 - Melbourne - AUS,فرع المبيعات 28 - ملبورن - AUS,Prodejní pobočka 28 - Melbourne - AUS,Salgsafdeling 28 - Melbourne - AUS,Υποκατάστημα πωλήσεων 28 - Melbourne - AUS,Sucursal de ventas 28 - Melbourne - AUS,Myyntihaarapaikka 28 – Melbourne – AUS,Prodajna podružnica 28 - Melbourne - AUS,28. értékesítési részleg - Melbourne - AUS,Cabang penjualan 28 - Melbourne - AUS,Filiale di vendita 28 - Melbourne - AUS,28 сатылымдар бөлімі - Мельбурн - АВС,영업점 28 - Melbourne - AUS,Cawangan jualan 28  - Melbourne - AUS,Verkoopkantoor 28 - Melbourne - AUS,Salgsfilial 28 - Melbourne - AUS,Oddział sprzedaży 28 - Melbourne - AUS,Unidade de vendas 28 - Melbourne - AUS,Filiala vânzări 28 - Melbourne - AUS,Торговый филиал 28 - Мельбурн - АВС,销售分部 28 - 墨尔本 - 澳大利亚,Prodajna podružnica 28 - Melbourne - AVS,Försäljningsavdelning 28 - Melbourne - AUS,銷售分店 28 - 墨爾本 - 澳洲,ร้านค้าสาขา 28 - เมลเบิร์น - ออสเตรเลีย,Satış şubesi 28 - Melbourne - AUS
029,GOSEUOP,Sales branch 29 - Bilbao - SPN,Zweigstelle 29 - Bilbao - SPN,Succursale 29 - Bilbao - SPN,販売支店 29 - Bilbao - SPN,فرع المبيعات 29 - بيلبو - SPN,Prodejní pobočka 29 - Bilbao - SPN,Salgsafdeling 29 - Bilbao - SPN,Υποκατάστημα πωλήσεων 29 - Bilbao - SPN,Sucursal de ventas 29 - Bilbao - SPN,Myyntihaarapaikka 29 – Bilbao – SPN,Prodajna podružnica 29 - Bilbao - SPN,29. értékesítési részleg - Bilbao - SPN,Cabang penjualan 29 - Bilbao - SPN,Filiale di vendita 29 - Bilbao - SPN,29 сатылымдар бөлімі - Бильбао - ИСП,영업점 29 - Bilbao - SPN,Cawangan jualan 29  - Bilbao - SPN,Verkoopkantoor 29 - Bilbao - SPN,Salgsfilial 29 - Bilbao - SPN,Oddział sprzedaży 29 - Bilbao - SPN,Unidade de vendas 29 - Bilbao - SPN,Filiala vânzări 29 - Bilbao - SPN,Торговый филиал 29 - Бильбао - ИСП,销售分部 29 - 毕尔巴鄂 - 西班牙,Prodajna podružnica 29 - Bilbao - ŠPA,Försäljningsavdelning 29 - Bilbao - SPN,銷售分店 29 - 畢爾包- 西班牙,ร้านค้าสาขา 29 - บิลเบา - สเปน,Satış şubesi 29 - Bilbao - SPN
030,GOAMXOP,Sales branch 30 - São Paulo - BRA,Zweigstelle 30 - São Paulo - BRA,Succursale 30 - São Paulo - BRA,販売支店 30 - São Paulo - BRA,فرع المبيعات 30 - سان باولو - BRA,Prodejní pobočka 30 - São Paulo - BRA,Salgsafdeling 30 - São Paulo - BRA,Υποκατάστημα πωλήσεων 30 - São Paulo - BRA,Sucursal de ventas 30 - São Paulo - BRA,Myyntihaarapaikka 30 – São Paulo – BRA,Prodajna podružnica 30 - São Paulo - BRA,30. értékesítési részleg - Sao Paulo - BRA,Cabang penjualan 30 - São Paulo - BRA,Filiale di vendita 30 - San Paulo - BRA,30 сатылымдар бөлімі - Сан-Паулу - БРА,영업점 30 - São Paulo - BRA,Cawangan jualan 30 - São Paulo - BRA,Verkoopkantoor 30 - São Paulo - BRA,Salgsfilial 30 - São Paulo - BRA,Oddział sprzedaży 30 - São Paulo - BRA,Unidade de vendas 30 - São Paulo - BRA,Filiala vânzări 30 - São Paulo - BRA,Торговый филиал 30 - Сан-Пауло - БРА,销售分部 30 - 圣保罗 - 巴西,Prodajna podružnica 30 - São Paulo - BRA,Försäljningsavdelning 30 - São Paulo - BRA,銷售分店 30 - 聖保羅 - 巴西,ร้านค้าสาขา 30 - เซาเปาลู - บราซิล,Satış şubesi 30 - São Paulo - BRA
031,GONEUOP,Sales branch 31 - Kuopio - FIN,Zweigstelle 31 - Kuopio - FIN,Succursale 31 - Kuopio - FIN,販売支店 31 - Kuopio - FIN,فرع المبيعات 31 - كيوبيو - FIN,Prodejní pobočka 31 - Kuopio - FIN,Salgsafdeling 31 - Kuopio - FIN,Υποκατάστημα πωλήσεων 31 - Kuopio - FIN,Sucursal de ventas 31 - Kuopio - FIN,Myyntihaarapaikka 31 – Kuopio – FIN,Prodajna podružnica 31 - Kuopio - FIN,31. értékesítési részleg - Kuopio - FIN,Cabang penjualan 31 - Kuopio - FIN,Filiale di vendita 31 - Kuopio - FIN,31 сатылымдар бөлімі - Куопио - ФИН,영업점 31 - Kuopio - FIN,Cawangan jualan 31 - Kuopio - FIN,Verkoopkantoor 31 - Kuopio - FIN,Salgsfilial 31 - Kuopio - FIN,Oddział sprzedaży 31 - Kuopio - FIN,Unidade de vendas 31 - Kuopio - FIN,Filiala vânzări 31 - Kuopio - FIN,Торговый филиал 31 - Куопио - ФИН,销售分部 31 - 库奥皮奥 - 芬兰,Prodajna podružnica 31 - Kuopio - FIN,Försäljningsavdelning 31 - Kuopio - FIN,銷售分店 31 - 庫奧皮奧 - 芬蘭,ร้านค้าสาขา 31 - คัวเพียว - ฟินแลนด์,Satış şubesi 31 - Kuopio - FIN
032,GOEAXOP,Sales branch 32 - Seoul - KOR,Zweigstelle 32 - Seoul - KOR,Succursale 32 - Séoul - KOR,販売支店 32 - Seoul - KOR,فرع المبيعات 32 - سول - KOR,Prodejní pobočka 32 - Soul - KOR,Salgsafdeling 32 - Seoul - KOR,Υποκατάστημα πωλήσεων 32 - Seoul - KOR,Sucursal de ventas 32 - Seoul - KOR,Myyntihaarapaikka 32 – Soul – KOR,Prodajna podružnica 32 - Seul - KOR,32. értékesítési részleg - Szöul - KOR,Cabang penjualan 32 - Seoul - KOR,Filiale di vendita 32 - Seoul - KOR,32 сатылымдар бөлімі - Сеул - КОР,영업점 32 - Seoul - KOR,Cawangan jualan 32 - Seoul - KOR,Verkoopkantoor 32 - Seoul - KOR,Salgsfilial 32 - Seoul - KOR,Oddział sprzedaży 32 - Seul - KOR,Unidade de vendas 32 - Seul - KOR,Filiala vânzări 32 - Seoul - KOR,Торговый филиал 32 - Сеул - КОР,销售分部 32 - 首尔 - 韩国,Prodajna podružnica 32 - Seul - KOR,Försäljningsavdelning 32 - Seoul - KOR,銷售分店 32 - 首爾 - 韓國,ร้านค้าสาขา 32 - โซล - เกาหลี,Satış şubesi 32 - Seul - KOR
033,GOEAXOP,Sales branch 33 - Singapore - SGP,Zweigstelle 33 - Singapore - SGP,Succursale 33 - Singapour - SGP,販売支店 33 - Singapore - SGP,فرع المبيعات 33 - سنغافورة - SGP,Prodejní pobočka 33 - Singapur - SGP,Salgsafdeling 33 - Singapore - SGP,Υποκατάστημα πωλήσεων 33 - Singapore - SGP,Sucursal de ventas 33 - Singapore - SGP,Myyntihaarapaikka 33 – Singapore – SGP,Prodajna podružnica 33 - Singapur - SGP,33. értékesítési részleg - Szingapúr - SGP,Cabang penjualan 33 - Singapura - SGP,Filiale di vendita 33 - Singapore - SGP,33 сатылымдар бөлімі - Сингапур - СГП,영업점 33 - Singapore - SGP,Cawangan jualan 33 - Singapore - SGP,Verkoopkantoor 33 - Singapore - SGP,Salgsfilial 33 - Singapore - SGP,Oddział sprzedaży 33 - Singapur - SGP,Unidade de vendas 33 - Cingapura - SGP,Filiala vânzări 33 - Singapore - SGP,Торговый филиал 33 - Сингапур - СИН,销售分部 33 - 新加坡 - 新加坡,Prodajna podružnica 33 - Singapur - SGP,Försäljningsavdelning 33 - Singapore - SGP,銷售分店 33 - 新加坡 - 新加坡,ร้านค้าสาขา 33 - สิงคโปร์ - สิงคโปร์,Satış şubesi 33 - Singapur - SGP
034,GOEAXOP,Sales branch 34 - Shanghai - CHN,Zweigstelle 34 - Shanghai - CHN,Succursale 34 - Shanghai - CHN,販売支店 34 - Shanghai - CHN,فرع المبيعات 34 - شانجهاي - CHN,Prodejní pobočka 34 - Šanghaj - CHN,Salgsafdeling 34 - Shanghai - CHN,Υποκατάστημα πωλήσεων 34 - Shanghai - CHN,Sucursal de ventas 34 - Shanghai - CHN,Myyntihaarapaikka 34 – Shanghai – CHN,Prodajna podružnica 34 - Šangaj - CHN,34. értékesítési részleg - Shanghai - CHN,Cabang penjualan 34 - Shanghai - CHN,Filiale di vendita 34 - Shanghai - CHN,34 сатылымдар бөлімі - Шанхай - ҚЫТ,영업점 34 - Shanghai - CHN,Cawangan jualan 34 - Shanghai - CHN,Verkoopkantoor 34 - Shanghai - CHN,Salgsfilial 34 - Shanghai - CHN,Oddział sprzedaży 34 - Szanghaj - CHN,Unidade de vendas 34 - Xangai - CHN,Filiala vânzări 34 - Shanghai - CHN,Торговый филиал 34 - Шанхай - КИТ,销售分部 34 - 上海 - 中国,Prodajna podružnica 34 - Šanghaj - KIT,Försäljningsavdelning 34 - Shanghai - CHN,銷售分店 34 - 上海 - 中國,ร้านค้าสาขา 34 - เซี่ยงไฮ้ - จีน,Sales branch 34 - Şangay - CHN
035,GOCEUOP,Sales branch 35 - London - GBR,Zweigstelle 35 - London - GBR,Succursale 35 - London - GBR,販売支店 35 - London - GBR,فرع المبيعات 35 - لندن - GBR,Prodejní pobočka 35 - Londýn - GBR,Salgsafdeling 35 - London - GBR,Υποκατάστημα πωλήσεων 35 - London - GBR,Sucursal de ventas 35 - London - GBR,Myyntihaarapaikka 35 – Lontoo – GBR,Prodajna podružnica 35 - London - GBR,35. értékesítési részleg - London - GBP,Cabang penjualan 35 - London - GBR,Filiale di vendita 35 - Londra - GBR,35 сатылымдар бөлімі - Лондон - ҰБТ,영업점 35 - London - GBR,Cawangan jualan 35 - London - GBR,Verkoopkantoor 35 - London - GBR,Salgsfilial 35 - London - GBR,Oddział sprzedaży 35 - Londyn - GBR,Unidade de vendas 35 - Londres - GBR,Filiala vânzări 35 - Londra - GBR,Торговый филиал 35 - Лондон - ВБР,销售分部 35 - 伦敦 - 英国,Prodajna podružnica 35 - London - VB,Försäljningsavdelning 35 - London - GBR,銷售分店 35 - 倫敦 - 英國,ร้านค้าสาขา 35 - ลอนดอน - สหราชอาณาจักร,Satış şubesi 35 - Londra - GBR
036,GOCEUOP,Sales branch 36 - Birmingham - GBR,Zweigstelle 36 - Birmingham - GBR,Succursale 36 - Birmingham - GBR,販売支店 36 - Birmingham - GBR,فرع المبيعات 36 - برمنجهام - GBR,Prodejní pobočka 36 - Birmingham - GBR,Salgsafdeling 36 - Birmingham - GBR,Υποκατάστημα πωλήσεων 36 - Birmingham - GBR,Sucursal de ventas 36 - Birmingham - GBR,Myyntihaarapaikka 36 – Birmingham – GBR,Prodajna podružnica 36 - Birmingham - GBR,36. értékesítési részleg - Birmingham - GBP,Cabang penjualan 36 - Birmingham - GBR,Filiale di vendita 36 - Birmingham - GBR,36 сатылымдар бөлімі - Бирмингем - ҰБТ,영업점 36 - Birmingham - GBR,Cawangan jualan 36 - Birmingham - GBR,Verkoopkantoor 36 - Birminham - GBR,Salgsfilial 36 - Birmingham - GBR,Oddział sprzedaży 36 - Birmingham - GBR,Unidade de vendas 36 - Birmingham - GBR,Filiala vânzări 36 - Birmingham - GBR,Торговый филиал 36 - Бирмингем - ВБР,销售分部 36 - 伯明翰 - 英国,Prodajna podružnica 36 - Birmingham - VB,Försäljningsavdelning 36 - Birmingham - GBR,銷售分店 36 - 伯明罕 - 英國,ร้านค้าสาขา 36 - เบอร์มิงแฮม - สหราชอาณาจักร,Satış şubesi 36 - Birmingham - GBR
040,GOEUXOP,Sales branch 40 - Genève - CHE,Zweigstelle 40 - Genève - CHE,Succursale 40 - Genève- CHE,販売支店 40 - Genève - CHE,فرع المبياعات 40 - جينف - CHE,Prodejní pobočka 40 - Ženeva - CHE,Salgsafdeling 40 - Genève - CHE,Υποκατάστημα πωλήσεων 40 - Genève - CHE,Sucursal de ventas 40 - Genève - CHE,Myyntihaarapaikka 40 – Geneve – CHE,Prodajna podružnica 40 - Ženeva - CHE,40. értékesítési részleg - Genf - CHE,Cabang penjualan 40 - Jenewa - CHE,Filiale di vendita 40 - Ginevra - CHE,40 сатылымдар бөлімі - Женева - ЧЕХ,영업점 40 - Genève - CHE,Cawangan jualan 40 - Genève - CHE,Verkoopkantoor 40 - Genève - CHE,Salgsfilial 40 - Zürich  - CHE,Oddział sprzedaży 40 - Genewa - CHE,Unidade de vendas 40 - Genebra - CHE,Filiala vânzări 40 - Genève - CHE,Торговый филиал 40 - Женева - ШВЦ,销售分部 40 - 日内瓦 - 瑞士,Prodajna podružnica 40 - Ženeva - ŠVI,Försäljningsavdelning 40 - Genève - CHE,銷售分店 40 - 日內瓦 - 瑞士,ร้านค้าสาขา 40 - เจนีวา - สวิตเซอร์แลนด์,Satış şubesi 40 - Cenevre - CHE
1099,GOAMXOP,GO Americas unspecified,AUF! Nord- und Südamerika - nicht angegeben,VA - Amériques - Non définie,GO アメリカ (指定なし),GO - غير محدد بالأمريكتين,GO Amerika neurčeno,GO Amerika uspecificeret,ΕΛΑ Αμερικής-Μη ενοποιημένα ποσά,VA América sin especificar,"GO Amerikka, määrittämätön",GO Amerike nespecificirano,KERT Amerika - nem meghatározott,Amerika tidak ditetapkan GO,GO America - non specificato,GO Americas көрсетілмеген,GO 미주지역 명시되지 않음,GO Amerika tidak ditentukan,ABC Amerika - algemeen,TUR Amerika uspesifisert,Ameryka WIO - nieokreślone,GA Américas - não especificada,GO America nespecificat,Не указанные американские филиалы GO Americas,未指定 GO Americas,GO Severna in Južna Amerika nepodano,GO Amerika ospecifierat,大生活家美洲 - 未指定,GO อเมริกา ไม่ระบุ,GO Amerika Kıtası belirtilmemiş
022,GOAMXOP,Sales branch 22 - Miami - USA,Zweigstelle 22 - Miami - USA,Succursale 22 - Miami - USA,販売支店 22 - Miami - USA,فرع المبيعات 22 - ميامي - USA,Prodejní pobočka 22 - Miami - USA,Salgsafdeling 22 - Miami - USA,Υποκατάστημα πωλήσεων 22 - Miami - USA,Sucursal de ventas 22 - Miami - USA,Myyntihaarapaikka 22 – Miami – USA,Prodajna podružnica 22 - Miami - USA,22. értékesítési részleg - Miami - USA,Cabang penjualan 22 - Miami - USA,Filiale di vendita 22 - Miami - USA,22 сатылымдар бөлімі - Майами - АҚШ,영업점 22 - Miami - USA,Cawangan jualan 22 - Miami - USA,Verkoopkantoor 22 - Miami - USA,Salgsfilial 22 - Miami - USA,Oddział sprzedaży 22 - Miami - USA,Unidade de vendas 22 - Miami - USA,Filiala vânzări 22 - Miami - USA,Торговый филиал 22 - Майами - США,销售分部 22 - 迈阿密 - 美国,Prodajna podružnica 22 - Miami - ZDA,Försäljningsavdelning 22 - Miami - USA,銷售分店 22 - 邁阿密 - 美國,ร้านค้าสาขา 22 - ไมอามี - สหรัฐฯ,Satış şubesi 22 - Miami - USA
023,GOCEUOP,Sales branch 23 - Lyon - FRA,Zweigstelle 23 - Lyon - FRA,Succursale 23 - Lyon - FRA,販売支店 23 - Lyon - FRA,فرع المبيعات 23 - ليون - FRA,Prodejní pobočka 23 - Lyon - FRA,Salgsafdeling 23 - Lyon - FRA,Υποκατάστημα πωλήσεων 23 - Lyon - FRA,Sucursal de ventas 23 - Lyon - FRA,Myyntihaarapaikka 23 – Lyon – FRA,Prodajna podružnica 23 - Lyon - FRA,23. értékesítési részleg - Lyon - FRA,Cabang penjualan 23 - Lyon - FRA,Filiale di vendita 23 - Lione - FRA,23 сатылымдар бөлімі - Лион - ФРА,영업점 23 - Lyon - FRA,Cawangan jualan 23 - Lyon - FRA,Verkoopkantoor 23 - Lyon - FRA,Salgsfilial 23 - Lyon - FRA,Oddział sprzedaży 23 - Lyon - FRA,Unidade de vendas 23 - Lyon - FRA,Filiala vânzări 23 - Lyon - FRA,Торговый филиал 23 - Лион - ФРА,销售分部 23 - 里昂 - 法国,Prodajna podružnica 23 - Lyon - FRA,Försäljningsavdelning 23 - Lyon - FRA,銷售分店 23 - 里昂 - 法國,ร้านค้าสาขา 23 - ลียง - ฝรั่งเศส,Satış şubesi 23 - Lyon - FRA
024,GOAMXOP,Sales branch 24 - Distrito Federal - MEX,Zweigstelle 24 - Distrito Federal - MEX,Succursale 24 - Distrito Federal - MEX,販売支店 24 - Distrito Federal - MEX,فرع المبيعات 24 - ديستريتو الاتحادية - MEX,Prodejní pobočka 24 - Distrito Federal - MEX,Salgsafdeling 24 - Distrito Federal - MEX,Υποκατάστημα πωλήσεων 24 - Distrito Federal - MEX,Sucursal de ventas 24 - Distrito Federal - MEX,Myyntihaarapaikka 24 – Distrito Federal – MEX,Prodajna podružnica 24 - Distrito Federal - MEX,24. értékesítési részleg - Distrito Federal - MEX,Cabang penjualan 24 - Distrito Federal - MEX,Filiale di vendita 24 - Distrito Federal - MEX,24 сатылымдар бөлімі - Федералды округ - МЕК,영업점 24 - Distrito Federal - MEX,Cawangan jualan 24  - Persekutuan Distrito - MEX,Verkoopkantoor 24 - Distrito Federal - MEX,Salgsfilial 24 - Distrito Federal - MEX,Oddział sprzedaży 24 - Distrito Federal - MEX,Unidade de vendas 24 - Distrito Federal - MEX,Filiala vânzări 24 - Distrito Federal - MEX,Торговый филиал 24 - Дистридо Федерал - МЕК,销售分部 24 - 联邦区 - 墨西哥,Prodajna podružnica 24 - Distrito Federal - MEX,Försäljningsavdelning 24 - Distrito Federal - MEX,銷售分店 24 - 聯邦區 - 墨西哥,ร้านค้าสาขา 24 - ดิสตริโต เฟเดรัล - เม็กซิโก,Satış şubesi 24 - Distrito Federal - MEX
037,GOCEUOP,Sales branch 37 - Zürich  - CHE,Zweigstelle 37 - Zürich - CHE,Succursale 37 - Zürich- CHE,販売支店 37 - Zürich  - CHE,فرع المبياعات 37 - زيورخ - CHE,Prodejní pobočka 37 - Curych  - CHE,Salgsafdeling 37 - Zürich  - CHE,Υποκατάστημα πωλήσεων 37 - Zürich - CHE,Sucursal de ventas 37 - Zürich - CHE,Myyntihaarapaikka 37 – Zürich – CHE,Prodajna podružnica 37 - Cirih  - CHE,37. értékesítési részleg - Zürich - CHE,Cabang penjualan 37 - Zürich  - CHE,Filiale di vendita 37 - Zurigo - CHE,37 сатылымдар бөлімі - Цюрих - ЧЕХ,영업점 37 - Zürich  - CHE,Cawangan jualan 37 - Zürich  - CHE,Verkoopkantoor 37 - Zürich - CHE,Salgsfilial 37 - Zürich  - CHE,Oddział sprzedaży 37 - Zurych  - CHE,Unidade de vendas 37 - Zurique - CHE,Filiala vânzări 37 - Zürich  - CHE,Торговый филиал 37 - Цюрих - ШВЦ,销售分部 37 - 苏黎世 - 瑞士,Prodajna podružnica 37 - Zürich  - ŠVI,Försäljningsavdelning 37 - Zürich  - CHE,銷售分店 37 - 蘇黎世 - 瑞士,ร้านค้าสาขา 37 - ซูริก - สวิตเซอร์แลนด์,Satış şubesi 37 - Zürih  - CHE
038,GOCEUOP,Sales branch 38 - Heverlee - BEL,Zweigstelle 38 - Heverlee - BEL,Succursale 38 - Heverlee - BEL,販売支店 38 - Heverlee - BEL,Sales branch 38 - هيفرلي - BEL,Prodejní pobočka 38 - Heverlee - BEL,Salgsafdeling 38 - Heverlee - BEL,Υποκατάστημα πωλήσεων 38 - Heverlee - BEL,Sucursal de ventas 38 - Heverlee - BEL,Myyntihaarapaikka 38 – Heverlee – BEL,Prodajna podružnica 38 - Heverlee - BEL,38. értékesítési részleg - Heverlee - BEL,Cabang penjualan 38 - Heverlee - BEL,Filiale di vendita 38 - Heverlee - BEL,38 сатылымдар бөлімі - Heverlee - БЕЛ,영업점 38 - Heverlee - BEL,Cawangan jualan 38  - Heverlee - BEL,Verkoopkantoor 38 - Heverlee - BEL,Salgsfilial 38 - Heverlee - BEL,Oddział sprzedaży 38 - Heverlee - BEL,Unidade de vendas 38 - Heverlee - BEL,Filiala vânzări 38 - Heverlee - BEL,Торговый филиал 38 - Геверли - БЕЛ,销售分部 38 - 哈维里 - 比利时,Prodajna podružnica 38 - Heverlee - BEL,Försäljningsavdelning 38 - Heverlee - BEL,銷售分店 38 - 哈佛利 - 比利時,ร้านค้าสาขา 38 - เฮเวอร์ลี - เบลเยียม,Satış şubesi 38 - Heverlee - BEL
039,GOSEUOP,Sales branch 39 - Wien - AUT,Zweigstelle 39 - Wien - AUT,Succursale 39 - Wien - AUT,販売支店 39 - Wien - AUT,فرع المبيعات 39 - فينا - AUT,Prodejní pobočka 39 - Vídeň - AUT,Salgsafdeling 39 - Wien - AUT,Υποκατάστημα πωλήσεων 39 - Wien - AUT,Sucursal de ventas 39 - Wien - AUT,Myyntihaarapaikka 39 – Wien – AUT,Prodajna podružnica 39 - Beč - AUT,39. értékesítési részleg - Bécs - AUT,Cabang penjualan 39 - Wina - AUT,Filiale di vendita 39 - Vienna - AUT,39 сатылымдар бөлімі - Вена - АВТ,영업점 39 - Wien - AUT,Cawangan jualan 39 - Wien - AUT,Verkoopkantoor 39 - Wien - AUT,Salgsfilial 39 - Wien - AUT,Oddział sprzedaży 39 - Wiedeń - AUT,Unidade de vendas 39 - Viena - AUT,Filiala vânzări 39 - Wien - AUT,Торговый филиал 39 - Вена - АВС,销售分部 39 - 维也纳 - 奥地利,Prodajna podružnica 39 - Dunaj - AVT,Försäljningsavdelning 39 - Wien - AUT,銷售分店 39 - 維也納 - 奧地利,ร้านค้าสาขา 39 - เวียนนา - ออสเตรีย,Satış şubesi 39 - Viyana - AUT
1710,GOAMXCP,Procurement,Einkauf,Approvisionnement,調達,المشتريات,Nákup,Indkøb,Προμήθειες,Compras,Hankinta,Nabava,Beszerzés,Pengadaan,Acquisti,Қамтамасыз ету,조달,Pemerolehan,Inkoop,Innkjøp,Zaopatrzenie,Compras,Achiziţii,Закупка,采购,Nabava,Upphandling,採購,ฝ่ายจัดซื้อ,Tedarik
1720,GOAMXCP,Sales,Verkauf,Ventes,販売,المبيعات,Prodej,Salg,Πωλήσεις,Ventas,Myynti,Prodaja,Értékesítés,Penjualan,Vendite,Сатылымдар,판매,Jualan,Verkoop,Salg,Sprzedaż,Vendas,Vânzări,Сбыт,销售,Prodaja,Försäljning,銷售,ฝ่ายขาย,Satış
1730,GOAMXCP,Human Resources,Personalabteilung,Ressources humaines,人事,الموارد البشرية,Personalistika,Personale,Ανθρώπινοι πόροι,Recursos humanos,Henkilöstöhallinta,Ljudski resursi,Emberi erőforrások,Sumber Daya Manusia,Risorse Umane,Кадрлар бөлімі,인사,Sumber Manusia,Personeelszaken,HR (Human Resources),Zarządzanie Kadrami,Recursos humanos,Resurse umane,Кадры,人力资源,Kadrovska služba,Personal,人力資源,ฝ่ายทรัพยากรบุคคล,İnsan Kaynakları
1740,GOAMXCP,Finance,Finanzen,Finances,財務,مالي,Finance,Økonomi,Οικονομικές Υπηρεσίες,Finanzas,Rahoitus,Financije,Pénzügy,Keuangan,Finanza,Қаржы,재무,Kewangan,Financiën,Finans,Finanse,Finanças,Finanţe,Финансы,财务,Finance,Ekonomi,財務,ฝ่ายการเงิน,Finans
1750,GOAMXCP,Marketing,Marketing,Marketing,マーケティング,تسويق,Marketing,Marketing,Μάρκετινγκ,Marketing,Markkinointi,Marketing,Marketing,Pemasaran,Marketing,Маркетинг,마케팅,Pemasaran,Marketing,Markedsføring,Marketing,Marketing,Marketing,Маркетинг,市场营销,Trženje,Marknadsföring,行銷,ฝ่ายการตลาด,Pazarlama
1760,GOAMXCP,Information Services and Technology,Informationstechnologie,Services et technologies de l'information,情報サービス/技術,خدمات وتكنولوجيا المعلومات,Informační služby a technologie,IT,Υπηρεσίες και Τεχνολογίες Πληροφοριών,Servicios y tecnología de la información,Tietopalvelut ja -tekniikka,Informacijske usluge i tehnologija,Információs szolgáltatások és technológia,Layanan dan Teknologi Informasi,Tecnologie informatiche,Ақпараттық қызмет пен технология,정보 서비스 및 기술,Perkhidmatan dan Teknologi Maklumat,Informatieservices & technologie,Informasjonstjenester og informasjonsteknologi,Usługi informatyczne oraz IT,Serviços de informação e tecnologia,Servicii informatice şi Tehnologie informatică,Информационные услуги и технологии,信息服务和技术,Informacijske storitve in tehnologija,Informationstjänster och IT,資訊服務與技術,ฝ่ายเทคโนโลยีและบริการสารสนเทศ,Bilgi Hizmetleri ve Teknolojisi
4199,GOEAXOP,GO Asia Pacific unspecified,AUF! Asien-Pazifik - nicht angegeben,VA - Asie/Pacifique - Non définie,GO アジア太平洋 (指定なし),GO - غير محدد في آسيا والمحيط الهادي,GO Asie a Tichomoří neurčeno,GO Det Asiatiske stillehavsområde uspecificeret,ΕΛΑ Ασίας/Ειρηνικού-Μη ενοποιημένα ποσά,VA Asia-Pacífico sin especificar,"GO Tyynenmeren Aasia, määrittämätön",GO Azija Pacifik nespecificirano,KERT Ázsia-Csendes-óceán - nem meghatározott,Asia Pasifik tidak ditetapkan GO,GO Asia Pacifico - non specificato,GO Asia Pacific көрсетілмеген,GO 아시아/태평양 명시되지 않음,GO Asia Pasifik tidak ditentukan,ABC Zuidoost-Azië - algemeen,TUR Asia Stillehavet uspesifisert,Azja i Pacyfik WIO - nieokreślone,GA Ásia Pacífico - não especificada,GO Asia Pacific nespecificat,Не указанные филиалы GO Asia Pacific,未指定 GO Asia Pacific,GO Azija-Pacifik nepodano,GO Asien Oceanien ospecificerat,大生活家亞太 - 未指定,GO เอเชียแปซิฟิก ไม่ระบุ,GO Asya Pasifik belirtilmemiş
4700,GOEAXCP,Corporate,Unternehmensleitung,Société,経営幹部,شركة,Podniková,Firma,Εταιρική,Corporativo,Yritys,Korporativni,Vállalati,Korporat,Aziendale,Қауымдық,회사,Korporat,Corporate,Bedriftsledelsen,firmy,Corporativo,Corporatist,Корпоративный,公司,Vodstvo,Företag,公司,องค์กร,Kurumsal
4710,GOEAXCP,Procurement,Einkauf,Approvisionnement,調達,المشتريات,Nákup,Indkøb,Προμήθειες,Compras,Hankinta,Nabava,Beszerzés,Pengadaan,Acquisti,Қамтамасыз ету,조달,Pemerolehan,Inkoop,Innkjøp,Zaopatrzenie,Compras,Achiziţii,Закупка,采购,Nabava,Upphandling,採購,ฝ่ายจัดซื้อ,Tedarik
4720,GOEAXCP,Sales,Verkauf,Ventes,販売,المبيعات,Prodej,Salg,Πωλήσεις,Ventas,Myynti,Prodaja,Értékesítés,Penjualan,Vendite,Сатылымдар,판매,Jualan,Verkoop,Salg,Sprzedaż,Vendas,Vânzări,Сбыт,销售,Prodaja,Försäljning,銷售,ฝ่ายขาย,Satış
4730,GOEAXCP,Human Resources,Personalabteilung,Ressources humaines,人事,الموارد البشرية,Personalistika,Personale,Ανθρώπινοι πόροι,Recursos humanos,Henkilöstöhallinta,Ljudski resursi,Emberi erőforrások,Sumber Daya Manusia,Risorse Umane,Кадрлар бөлімі,인사,Sumber Manusia,Personeelszaken,HR (Human Resources),Zarządzanie Kadrami,Recursos humanos,Resurse umane,Кадры,人力资源,Kadrovska služba,Personal,人力資源,ฝ่ายทรัพยากรบุคคล,İnsan Kaynakları
4740,GOEAXCP,Finance,Finanzen,Finances,財務,مالي,Finance,Økonomi,Οικονομικές Υπηρεσίες,Finanzas,Rahoitus,Financije,Pénzügy,Keuangan,Finanza,Қаржы,재무,Kewangan,Financiën,Finans,Finanse,Finanças,Finanţe,Финансы,财务,Finance,Ekonomi,財務,ฝ่ายการเงิน,Finans
4750,GOEAXCP,Marketing,Marketing,Marketing,マーケティング,تسويق,Marketing,Marketing,Μάρκετινγκ,Marketing,Markkinointi,Marketing,Marketing,Pemasaran,Marketing,Маркетинг,마케팅,Pemasaran,Marketing,Markedsføring,Marketing,Marketing,Marketing,Маркетинг,市场营销,Trženje,Marknadsföring,行銷,ฝ่ายการตลาด,Pazarlama
4760,GOEAXCP,Information Services and Technology,Informationstechnologie,Services et technologies de l'information,情報サービス/技術,خدمات وتكنولوجيا المعلومات,Informační služby a technologie,IT,Υπηρεσίες και Τεχνολογίες Πληροφοριών,Servicios y tecnología de la información,Tietopalvelut ja -tekniikka,Informacijske usluge i tehnologija,Információs szolgáltatások és technológia,Layanan dan Teknologi Informasi,Tecnologie informatiche,Ақпараттық қызмет пен технология,정보 서비스 및 기술,Perkhidmatan dan Teknologi Maklumat,Informatieservices & technologie,Informasjonstjenester og informasjonsteknologi,Usługi informatyczne oraz IT,Serviços de informação e tecnologia,Servicii informatice şi Tehnologie informatică,Информационные услуги и технологии,信息服务和技术,Informacijske storitve in tehnologija,Informationstjänster och IT,資訊服務與技術,ฝ่ายเทคโนโลยีและบริการสารสนเทศ,Bilgi Hizmetleri ve Teknolojisi
4810,GOEAXOP,Production and Distribution,Produktion und Distribution,Production et distribution,製造販売,الانتاج والتوزيع,Výroba a distribuce,Produktion og distribution,Παραγωγή και Διανομή,Producción y distribución,Tuotanto ja jakelu,Proizvodnja i distribucija,Termelés és elosztás,Produksi dan Distribusi,Produzione e distribuzione,Өндіру және үлестіру,생산 및 유통,Penghasilan dan Pengedaran,Productie en distributie,Produksjon og distribusjon,Produkcja i dystrybucja,Produção e distribuição,Producţie şi distribuţie,Производство и распределение,生产和发售,Proizvodnja in distribucija,Produktion och distribution,生產與分配,ฝ่ายผลิตและจัดจำหน่าย,Üretim ve Dağıtım
5710,GONEUCP,Procurement,Einkauf,Approvisionnement,調達,المشتريات,Nákup,Indkøb,Προμήθειες,Compras,Hankinta,Nabava,Beszerzés,Pengadaan,Acquisti,Қамтамасыз ету,조달,Pemerolehan,Inkoop,Innkjøp,Zaopatrzenie,Compras,Achiziţii,Закупка,采购,Nabava,Upphandling,採購,ฝ่ายจัดซื้อ,Tedarik
5720,GONEUCP,Sales,Verkauf,Ventes,販売,المبيعات,Prodej,Salg,Πωλήσεις,Ventas,Myynti,Prodaja,Értékesítés,Penjualan,Vendite,Сатылымдар,판매,Jualan,Verkoop,Salg,Sprzedaż,Vendas,Vânzări,Сбыт,销售,Prodaja,Försäljning,銷售,ฝ่ายขาย,Satış
5730,GONEUCP,Human Resources,Personalabteilung,Ressources humaines,人事,الموارد البشرية,Personalistika,Personale,Ανθρώπινοι πόροι,Recursos humanos,Henkilöstöhallinta,Ljudski resursi,Emberi erőforrások,Sumber Daya Manusia,Risorse Umane,Кадрлар бөлімі,인사,Sumber Manusia,Personeelszaken,HR (Human Resources),Zarządzanie Kadrami,Recursos humanos,Resurse umane,Кадры,人力资源,Kadrovska služba,Personal,人力資源,ฝ่ายทรัพยากรบุคคล,İnsan Kaynakları
5740,GONEUCP,Finance,Finanzen,Finances,財務,مالي,Finance,Økonomi,Οικονομικές Υπηρεσίες,Finanzas,Rahoitus,Financije,Pénzügy,Keuangan,Finanza,Қаржы,재무,Kewangan,Financiën,Finans,Finanse,Finanças,Finanţe,Финансы,财务,Finance,Ekonomi,財務,ฝ่ายการเงิน,Finans
5750,GONEUCP,Marketing,Marketing,Marketing,マーケティング,تسويق,Marketing,Marketing,Μάρκετινγκ,Marketing,Markkinointi,Marketing,Marketing,Pemasaran,Marketing,Маркетинг,마케팅,Pemasaran,Marketing,Markedsføring,Marketing,Marketing,Marketing,Маркетинг,市场营销,Trženje,Marknadsföring,行銷,ฝ่ายการตลาด,Pazarlama
5760,GONEUCP,Information Services and Technology,Informationstechnologie,Services et technologies de l'information,情報サービス/技術,خدمات وتكنولوجيا المعلومات,Informační služby a technologie,IT,Υπηρεσίες και Τεχνολογίες Πληροφοριών,Servicios y tecnología de la información,Tietopalvelut ja -tekniikka,Informacijske usluge i tehnologija,Információs szolgáltatások és technológia,Layanan dan Teknologi Informasi,Tecnologie informatiche,Ақпараттық қызмет пен технология,정보 서비스 및 기술,Perkhidmatan dan Teknologi Maklumat,Informatieservices & technologie,Informasjonstjenester og informasjonsteknologi,Usługi informatyczne oraz IT,Serviços de informação e tecnologia,Servicii informatice şi Tehnologie informatică,Информационные услуги и технологии,信息服务和技术,Informacijske storitve in tehnologija,Informationstjänster och IT,資訊服務與技術,ฝ่ายเทคโนโลยีและบริการสารสนเทศ,Bilgi Hizmetleri ve Teknolojisi
6199,GOCEUOP,GO Central Europe unspecified,AUF! Mitteleuropa - nicht angegeben,VA - Europe centrale - Non définie,GO 中欧 (指定なし),GO - غير محدد في وسط أوربا,GO střední Evropa neurčeno,GO Centraleuropa uspecificeret,ΕΛΑ Κεντρικής Ευρώπης-Μη ενοποιημένα ποσά,VA Europa central sin especificar,"GO Keski-Eurooppa, määrittämätön",GO Srednja Europa nespecificirano,KERT Közép-Európa - nem meghatározott,Eropa Tengah tidak ditetapkan GO,GO Europa centrale - non specificato,GO Central Europe көрсетілмеген,GO 중부유럽 명시되지 않음,GO Eropah Utara tidak ditentukan,ABC Centraal-Europa - algemeen,TUR Sentral-Europa uspesifisert,Europa Środkowa WIO - nieokreślone,GA Europa Central - não especificada,GO Europa centrală nespecificat,Не указанные филиалы GO Central Europe,未指定 GO Central Europe,GO Srednja Evropa nepodano,GO Centraleuropa ospecificerat,大生活家中歐 - 未指定,GO ยุโรปกลาง ไม่ระบุ,GO Orta Avrupa belirtilmemiş
6700,GOCEUCP,Corporate,Unternehmensleitung,Société,経営幹部,شركة,Podniková,Firma,Εταιρική,Corporativo,Yritys,Korporativni,Vállalati,Korporat,Aziendale,Қауымдық,회사,Korporat,Corporate,Bedriftsledelsen,firmy,Corporativo,Corporatist,Корпоративный,公司,Vodstvo,Företag,公司,องค์กร,Kurumsal
6710,GOCEUCP,Procurement,Einkauf,Approvisionnement,調達,المشتريات,Nákup,Indkøb,Προμήθειες,Compras,Hankinta,Nabava,Beszerzés,Pengadaan,Acquisti,Қамтамасыз ету,조달,Pemerolehan,Inkoop,Innkjøp,Zaopatrzenie,Compras,Achiziţii,Закупка,采购,Nabava,Upphandling,採購,ฝ่ายจัดซื้อ,Tedarik
6760,GOCEUCP,Information Services and Technology,Informationstechnologie,Services et technologies de l'information,情報サービス/技術,خدمات وتكنولوجيا المعلومات,Informační služby a technologie,IT,Υπηρεσίες και Τεχνολογίες Πληροφοριών,Servicios y tecnología de la información,Tietopalvelut ja -tekniikka,Informacijske usluge i tehnologija,Információs szolgáltatások és technológia,Layanan dan Teknologi Informasi,Tecnologie informatiche,Ақпараттық қызмет пен технология,정보 서비스 및 기술,Perkhidmatan dan Teknologi Maklumat,Informatieservices & technologie,Informasjonstjenester og informasjonsteknologi,Usługi informatyczne oraz IT,Serviços de informação e tecnologia,Servicii informatice şi Tehnologie informatică,Информационные услуги и технологии,信息服务和技术,Informacijske storitve in tehnologija,Informationstjänster och IT,資訊服務與技術,ฝ่ายเทคโนโลยีและบริการสารสนเทศ,Bilgi Hizmetleri ve Teknolojisi
8760,GOEUXCP,Information Services and Technology,Informationstechnologie,Services et technologies de l'information,情報サービス/技術,خدمات وتكنولوجيا المعلومات,Informační služby a technologie,IT,Υπηρεσίες και Τεχνολογίες Πληροφοριών,Servicios y tecnología de la información,Tietopalvelut ja -tekniikka,Informacijske usluge i tehnologija,Információs szolgáltatások és technológia,Layanan dan Teknologi Informasi,Tecnologie informatiche,Ақпараттық қызмет пен технология,정보 서비스 및 기술,Perkhidmatan dan Teknologi Maklumat,Informatieservices & technologie,Informasjonstjenester og informasjonsteknologi,Usługi informatyczne oraz IT,Serviços de informação e tecnologia,Servicii informatice şi Tehnologie informatică,Информационные услуги и технологии,信息服务和技术,Informacijske storitve in tehnologija,Informationstjänster och IT,資訊服務與技術,ฝ่ายเทคโนโลยีและบริการสารสนเทศ,Bilgi Hizmetleri ve Teknolojisi
GOAMX,GOCON,GO Americas,AUF! Nord- und Südamerika,VA - Amériques,GO アメリカ,GO - الأمريكتين,GO Amerika,GO Amerika,ΕΛΑ Αμερικής,VA América,GO Amerikka,GO Amerike,KERT Amerika,Amerika GO,GO America,GO Americas,GO 미주지역,GO Amerika,ABC Amerika,TUR Amerika,Ameryka WIO,GA Américas,GO America,GO Americas,GO Americas,GO Severna in Južna Amerika,GO Amerika,大生活家美洲,GO อเมริกา,GO Amerika Kıtası
6730,GOCEUCP,Human Resources,Personalabteilung,Ressources humaines,人事,الموارد البشرية,Personalistika,Personale,Ανθρώπινοι πόροι,Recursos humanos,Henkilöstöhallinta,Ljudski resursi,Emberi erőforrások,Sumber Daya Manusia,Risorse Umane,Кадрлар бөлімі,인사,Sumber Manusia,Personeelszaken,HR (Human Resources),Zarządzanie Kadrami,Recursos humanos,Resurse umane,Кадры,人力资源,Kadrovska služba,Personal,人力資源,ฝ่ายทรัพยากรบุคคล,İnsan Kaynakları
7740,GOSEUCP,Finance,Finanzen,Finances,財務,مالي,Finance,Økonomi,Οικονομικές Υπηρεσίες,Finanzas,Rahoitus,Financije,Pénzügy,Keuangan,Finanza,Қаржы,재무,Kewangan,Financiën,Finans,Finanse,Finanças,Finanţe,Финансы,财务,Finance,Ekonomi,財務,ฝ่ายการเงิน,Finans
7800,GOSEUOP,Operations,Operations,Opérations,業務,العمليات,Provoz,Drift,Συντονιστικές και Διαχειριστικές Υπηρεσίες,Operaciones,Toiminnot,Operacije,Műveletek,Operasi,Operazioni,Әрекеттер,경영본부,Operasi,Operations,Drift,Działalność operacyjna,Operações,Operaţii,Операции,运营,Operacije,Drift,營業,ฝ่ายปฏิบัติการ,Operasyonlar
8720,GOEUXCP,Sales,Verkauf,Ventes,販売,المبيعات,Prodej,Salg,Πωλήσεις,Ventas,Myynti,Prodaja,Értékesítés,Penjualan,Vendite,Сатылымдар,판매,Jualan,Verkoop,Salg,Sprzedaż,Vendas,Vânzări,Сбыт,销售,Prodaja,Försäljning,銷售,ฝ่ายขาย,Satış
8740,GOEUXCP,Finance,Finanzen,Finances,財務,مالي,Finance,Økonomi,Οικονομικές Υπηρεσίες,Finanzas,Rahoitus,Financije,Pénzügy,Keuangan,Finanza,Қаржы,재무,Kewangan,Financiën,Finans,Finanse,Finanças,Finanţe,Финансы,财务,Finance,Ekonomi,財務,ฝ่ายการเงิน,Finans
8810,GOEUXOP,Production and Distribution,Produktion und Distribution,Production et distribution,製造販売,الانتاج والتوزيع,Výroba a distribuce,Produktion og distribution,Παραγωγή και Διανομή,Producción y distribución,Tuotanto ja jakelu,Proizvodnja i distribucija,Termelés és elosztás,Produksi dan Distribusi,Produzione e distribuzione,Өндіру және үлестіру,생산 및 유통,Penghasilan dan Pengedaran,Productie en distributie,Produksjon og distribusjon,Produkcja i dystrybucja,Produção e distribuição,Producţie şi distribuţie,Производство и распределение,生产和发售,Proizvodnja in distribucija,Produktion och distribution,生產與分配,ฝ่ายผลิตและจัดจำหน่าย,Üretim ve Dağıtım
GOSEUCP,GOSEU,GO Southern Europe corporate,AUF! Südeuropa - Firmenhauptsitz,VA - Europe du Sud - Siège social,GO 南欧本社部門,GO - شركات جنوب أوربا,GO jižní Evropa podnik.,GO Sydeuropa koncern,Όμιλος ΕΛΑ Νοτίου Ευρώπης,VA Europa del sur corporativo,"GO Etelä-Eurooppa, yritys",GO Južna Europa korporativno,KERT Dél-Európa vállalati,Korporat Eropa Selatan GO,GO Europa meridionale - Sede principale,GO Southern Europe қауымдастығы,GO 남부유럽 회사,Korporat GO Eropah Selatan,ABC Zuid-Europa - corporate,TUR Sør-Europa selskap,Europa Południowa WIO - firmowe,GA Sul da Europa - corporativa,Corporaţia GO Europa de sud,Корпоративный филиал GO Southern Europe,GO Southern Europe 公司,GO Južna Evropa podjetniško,GO Sydeuropa företag,大生活家南歐公司,บริษัท GO ยุโรปใต้,GO Güney Avrupa kurumsal
4800,GOEAXOP,Operations,Operations,Opérations,業務,العمليات,Provoz,Drift,Συντονιστικές και Διαχειριστικές Υπηρεσίες,Operaciones,Toiminnot,Operacije,Műveletek,Operasi,Operazioni,Әрекеттер,경영본부,Operasi,Operations,Drift,Działalność operacyjna,Operações,Operaţii,Операции,运营,Operacije,Drift,營業,ฝ่ายปฏิบัติการ,Operasyonlar
6800,GOCEUOP,Operations,Operations,Opérations,業務,العمليات,Provoz,Drift,Συντονιστικές και Διαχειριστικές Υπηρεσίες,Operaciones,Toiminnot,Operacije,Műveletek,Operasi,Operazioni,Әрекеттер,경영본부,Operasi,Operations,Drift,Działalność operacyjna,Operações,Operaţii,Операции,运营,Operacije,Drift,營業,ฝ่ายปฏิบัติการ,Operasyonlar
4820,GOEAXOP,Customer Service,Kundendienst,Service à la clientèle,顧客サービス,خدمة العملاء,Služby zákazníkům,Kundeservice,Τεχνική υποστήριξη πελατών,Servicio al cliente,Asiakaspalvelu,Korisničke usluge,Ügyfélszolgálat,Layanan pelanggan,Servizio clienti,Тұтынушыларға қызмет көрсету,고객 서비스,Perkhidmatan Pelanggan,Klantenservice,Kundeservice,Obsługa klienta,Serviço ao consumidor,Service pentru client,Служба работы с покупателями,客户服务,Služba za stranke,Kundtjänst,客戶服務,ฝ่ายบริการลูกค้า,Müşteri Hizmetleri
5199,GONEUOP,GO Northern Europe unspecified,AUF! Nordeuropa - nicht angegeben,VA - Europe du Nord - Non définie,GO 北欧 (指定なし),GO - غير محدد في شمال أوربا,GO severní Evropa neurčeno,GO Nordeuropa uspecificeret,ΕΛΑ Βορείου Ευρώπης-Μη ενοποιημένα ποσά,VA Europa del norte sin especificar,"GO Pohjois-Eurooppa, määrittämätön",GO Sjeverna Europa nespecificirano,KERT Észak-Európa - nem meghatározott,Eropa Utara tidak ditetapkan GO,GO Europa settentrionale - non specificato,GO Northern Europe көрсетілмеген,GO 북유럽 명시되지 않음,GO Eropah Utara tidak ditentukan,ABC Noord-Europa - algemeen,TUR Nord-Europa uspesifisert,Europa Północna WIO - nieokreślone,GA Norte da Europa - não especificada,GO Europa de nord nespecificat,Не указанные филиалы GO Northern Europe,未指定 GO Northern Europe,GO Severna Evropa nepodano,GO Nordeuropa ospecificerat,大生活家北歐 - 未指定,GO ยุโรปเหนือ ไม่ระบุ,GO Kuzey Avrupa belirtilmemiş
5700,GONEUCP,Corporate,Unternehmensleitung,Société,経営幹部,شركة,Podniková,Firma,Εταιρική,Corporativo,Yritys,Korporativni,Vállalati,Korporat,Aziendale,Қауымдық,회사,Korporat,Corporate,Bedriftsledelsen,firmy,Corporativo,Corporatist,Корпоративный,公司,Vodstvo,Företag,公司,องค์กร,Kurumsal
GONEUCP,GONEU,GO Northern Europe corporate,AUF! Nordeuropa - Firmenhauptsitz,VA - Europe du Nord - Siège social,GO 北欧本社部門,GO - شركات شمال أوربا,GO severní Evropa podnik.,GO Nordeuropa koncern,Όμιλος ΕΛΑ Βορείου Ευρώπης,VA Europa del norte corporativo,"GO Pohjois-Eurooppa, yritys",GO Sjeverna Europa korporativno,KERT Észak-Európa vállalati,Korporat Eropa Utara GO,GO Europa settentrionale - Sede principale,GO Northern Europe қауымдастығы,GO 북유럽 회사,Korporat GO Eropah Utara,ABC Noord-Europa - corporate,TUR Nord-Europa selskap,Europa Północna WIO - firmowe,GA Norte da Europa - corporativa,Corporaţia GO Europa de nord,Корпоративный филиал GO Northern Europe,GO Northern Europe 公司,GO Severna Evropa podjetniško,GO Nordeuropa företag,大生活家北歐公司,บริษัท GO ยุโรปเหนือ,GO Kuzey Avrupa kurumsal
GOSEU,GOEUX,GO Southern Europe,AUF! Südeuropa,VA - Europe du Sud,GO 南欧,GO - جنوب أوربا,GO jižní Evropa,GO Sydeuropa,ΕΛΑ Νοτίου Ευρώπης,VA Europa del sur,GO Etelä-Eurooppa,GO Južna Europa,KERT Dél-Európa,Eropa Selatan GO,GO Europa meridionale,GO Southern Europe,GO 남부유럽,GO Eropah Selatan,ABC Zuid-Europa,TUR Sør-Europa,Europa Południowa WIO,GA Sul da Europa,GO Europa de sud,GO Southern Europe,GO Southern Europe,GO Južna Evropa,GO Sydeuropa,大生活家南歐,GO ยุโรปใต้,GO Güney Avrupa
GOSEUEL,GOSEU,GO Southern Europe eliminations,AUF! Südeuropa - Eliminierungen,VA - Europe du Sud - Éliminations,GO 南欧内部取引消去,GO - التصفيات في جنوب أوربا,GO jižní Evropa eliminace,GO Sydeuropa elimineringer,ΕΛΑ Νοτίου Ευρώπης-Διορθωτικά ποσά,Eliminaciones de VA Europa del sur,"GO Etelä-Eurooppa, poistot",GO Južna Europa eliminacije,KERT Dél-Európa eliminációk,Eliminasi Eropa Selatan GO,GO Europa meridionale - Eliminazioni,GO Southern Europe ерекшеліктері,GO 남부유럽 제거,Penyingkiran GO Eropah Selatan,ABC Zuid-Europa - eliminaties,TUR Sør-Europa elimineringer,Europa Południowa WIO - eliminacje,GA Sul da Europa - eliminações,Eliminări GO Europa de sud,Ликвидация филиалов GO Southern Europe,GO Southern Europe 删减单位,GO Južna Evropa eliminacije,GO Sydeuropa elimineringar,大生活家南歐刪減單位,การตัดบัญชี GO ยุโรปใต้,GO Güney Avrupa tasfiyeler
GOCEUOP,GOCEU,GO Central Europe operations,AUF! Mitteleuropa - Operatives Geschäft,VA - Europe centrale - Opérations,GO 中欧事業部門,GO - العمليات في وسط أوربا,GO střední Evropa provoz,GO Centraleuropa operationer,Επιχειρήσεις ΕΛΑ Κεντρικής Ευρώπης,Operaciones de VA Europa central,"GO Keski-Eurooppa, toiminnot",GO Srednja Europa operacije,KERT Közép-Európa műveletek,Operasi Eropa Tengah GO,GO Europa centrale - Operazioni,GO Central Europe әрекеттері,GO 중부유럽 경영본부,Operasi GO Eropah Tengah,ABC Midden-Europa - operations,TUR Sentral-Europa drift,Europa Środkowa WIO - działalność operacyjna,GA Europa Central - operações,Operaţii GO Europa Centrală,Операции филиалов GO Central Europe,GO Central Europe 营业单位,GO Srednja Evropa operacije,GO Centraleuropa operationer,大生活家中歐營業單位,ฝ่ายปฏิบัติงาน GO ยุโรปกลาง,GO Orta Avrupa operasyonlar
GOEAXCP,GOEAX,GO Asia Pacific corporate,AUF! Asien-Pazifik - Firmenhauptsitz,VA - Asie/Pacifique - Siège social,GO アジア太平洋本社部門,GO - شركات آسيا والمحيط الهادي,GO Asie a Tichomoří podnik.,GO Det Asiatiske stillehavsområde koncern,Όμιλος ΕΛΑ Ασίας/Ειρηνικού,VA Asia-Pacífico corporativo,"GO Tyynenmeren Aasia, yritys",GO Azija Pacifik korporativno,KERT Ázsia-Csendes-óceán vállalati,Korporat Asia Pasifik GO,GO Asia Pacifico - Sede principale,GO Asia Pacific қауымдастығы,GO 아시아/태평양 회사,Korporat GO Asia Pasifik,ABC Zuidoost-Azië - corporate,TUR Asia Stillehavet selskap,Azja i Pacyfik WIO - firmowe,GA Ásia Pacífico - corporativa,Corporaţia GO Asia Pacific,Корпоративный филиал GO Asia Pacific,GO Asia Pacific 公司,GO Azija-Pacifik podjetniško,GO Asien Oceanien företag,大生活家亞太公司,บริษัท GO เอเชียแปซิฟิก,GO Asya Pasifik kurumsal
GOEUX,GOCON,GO Accessories,AUF! Zubehör,Accessoires VA,GO Accessories,GO - الاكسسوارات,GO Accessories,GO Tilbehør,ΕΛΑ Αξεσουάρ,Accesorios de VA,GO Accessories,GO Dodaci,KERT Kiegészítők,Aksesori GO,GO Accessori,GO Accessories,GO 부속품,Aksesori GO,ABC Accessoires,TUR Tilbehør,Akcesoria WIO,GA Acessórios,Accesorii GO,Аксессуары GO,GO Accessories,GO Pripomočki,GO Tillbehör,大生活家附屬單位,GO Accessories,GO Aksesuarları
6810,GOCEUOP,Production and Distribution,Produktion und Distribution,Production et distribution,製造販売,الانتاج والتوزيع,Výroba a distribuce,Produktion og distribution,Παραγωγή και Διανομή,Producción y distribución,Tuotanto ja jakelu,Proizvodnja i distribucija,Termelés és elosztás,Produksi dan Distribusi,Produzione e distribuzione,Өндіру және үлестіру,생산 및 유통,Penghasilan dan Pengedaran,Productie en distributie,Produksjon og distribusjon,Produkcja i dystrybucja,Produção e distribuição,Producţie şi distribuţie,Производство и распределение,生产和发售,Proizvodnja in distribucija,Produktion och distribution,生產與分配,ฝ่ายผลิตและจัดจำหน่าย,Üretim ve Dağıtım
6820,GOCEUOP,Customer Service,Kundendienst,Service à la clientèle,顧客サービス,خدمة العملاء,Služby zákazníkům,Kundeservice,Τεχνική υποστήριξη πελατών,Servicio al cliente,Asiakaspalvelu,Korisničke usluge,Ügyfélszolgálat,Layanan pelanggan,Servizio clienti,Тұтынушыларға қызмет көрсету,고객 서비스,Perkhidmatan Pelanggan,Klantenservice,Kundeservice,Obsługa klienta,Serviço ao consumidor,Service pentru client,Служба работы с покупателями,客户服务,Služba za stranke,Kundtjänst,客戶服務,ฝ่ายบริการลูกค้า,Müşteri Hizmetleri
7199,GOSEUOP,GO Southern Europe unspecified,AUF! Südeuropa - nicht angegeben,VA - Europe du Sud - Non définie,GO 南欧 (指定なし),GO - غير محدد في جنوب أوربا,GO jižní Evropa neurčeno,GO Sydeuropa uspecificeret,ΕΛΑ Νοτίου Ευρώπης-Μη ενοποιημένα ποσά,VA Europa del sur sin especificar,"GO Etelä-Eurooppa, määrittämätön",GO Južna Europa nespecificirano,KERT Dél-Európa - nem meghatározott,Eropa Selatan tidak ditetapkan GO,GO Europa meridionale - non specificato,GO Southern Europe көрсетілмеген,GO 남유럽 명시되지 않음,GO Eropah Selatan tidak ditentukan,ABC Zuid-Europa - algemeen,TUR Sør-Europa uspesifisert,Europa Południowa WIO - nieokreślone,GA Sul da Europa - não especificada,GO Europa de sud nespecificat,Не указанные филиалы GO Southern Europe,未指定 GO Southern Europe,GO Južna Evropa nepodano,GO Sydeuropa ospecificerat,大生活家南歐 - 未指定,GO ยุโรปใต้ ไม่ระบุ,GO Güney Avrupa belirtilmemiş
GOAMXEL,GOAMX,GO Americas eliminations,AUF! Nord- und Südamerika - Eliminierungen,VA - Amériques - Éliminations,GO アメリカ内部取引消去,GO - التصفيات في الأمريكتين,GO Amerika eliminace,GO Amerika elimineringer,ΕΛΑ Αμερικής-Διορθωτικά ποσά,Eliminaciones de VA América,"GO Amerikka, poistot",GO Amerike eliminacije,KERT Amerika eliminációk,Eliminasi Amerika GO,GO America - Eliminazioni,GO Americas еркшеліктері,GO 미주지역 제거,Penyingkiran GO Amerika,ABC Amerika - eliminaties,TUR Amerika elimineringer,Ameryka WIO - eliminacje,GA Américas - eliminações,GO eliminări Americi,Ликвидация филиалов GO Americas,GO Americas 删减单位,GO Severna in Južna Amerika eliminacije,GO Amerika elimineringar,大生活家美洲刪減單位,การตัดบัญชี GO อเมริกา,GO Amerika Kıtası tasfiyeler
GOCEUCP,GOCEU,GO Central Europe corporate,AUF! Mitteleuropa - Firmenhauptsitz,VA - Europe centrale - Siège social,GO 中欧本社部門,GO - شركات وسط أوربا,GO střední Evropa podnik.,GO Centraleuropa koncern,Όμιλος ΕΛΑ Κεντρικής Ευρώπης,VA Europa central corporativo,"GO Keski-Eurooppa, yritys",GO Srednja Europa korporativno,KERT Közép-Európa vállalati,Korporat Eropa Tengah GO,GO Europa centrale - Sede principale,GO Central Europe қауымдастығы,GO 중부유럽 회사,Korporat GO Eropah Tengah,ABC Midden-Europa - corporate,TUR Sentral-Europa selskap,Europa Środkowa WIO - firmowe,GA Europa Central - corporativa,Corporaţie GO Europa Centrală,Корпоративный филиал GO Central Europe,GO Central Europe 公司,GO Srednja Evropa podjetniško,GO Centraleuropa företag,大生活家中歐公司,บริษัท GO ยุโรปกลาง,GO Orta Avrupa kurumsal
GOCON,,GO CONSOLIDATED,AUF! KONZERN,VA - VALEURS CONSOLIDÉES,GO 連結,GO - موحدة,GO CONSOLIDATED,GO KONSOLIDERET,ΕΛΑ - ΕΝΟΠΟΙΗΜΕΝΕΣ ΚΑΤΑΣΤΑΣΕΙΣ,VA CONSOLIDADO,GO CONSOLIDATED,GO KONSOLIDIRANO,KERT KONSZOLIDÁLT,GO TERPADU,GO UNIFICATO,GO CONSOLIDATED,GO 합병,GO BERKAITAN,ABC GECONSOLIDEERD,TUR KONSOLIDERT,WIO SKONSOLIDOWANE,GA CONSOLIDADA,GO CONSOLIDATED,GO CONSOLIDATED,GO CONSOLIDATED,GO CONSOLIDATED,GO KONSOLIDERAT,大生活家聯合公司,รวมกลุ่ม GO ทั้งหมด,GO BİRLEŞMİŞ
1800,GOAMXOP,Operations,Operations,Opérations,業務,العمليات,Provoz,Drift,Συντονιστικές και Διαχειριστικές Υπηρεσίες,Operaciones,Toiminnot,Operacije,Műveletek,Operasi,Operazioni,Әрекеттер,경영본부,Operasi,Operations,Drift,Działalność operacyjna,Operações,Operaţii,Операции,运营,Operacije,Drift,營業,ฝ่ายปฏิบัติการ,Operasyonlar
1810,GOAMXOP,Production and Distribution,Produktion und Distribution,Production et distribution,製造販売,الانتاج والتوزيع,Výroba a distribuce,Produktion og distribution,Παραγωγή και Διανομή,Producción y distribución,Tuotanto ja jakelu,Proizvodnja i distribucija,Termelés és elosztás,Produksi dan Distribusi,Produzione e distribuzione,Өндіру және үлестіру,생산 및 유통,Penghasilan dan Pengedaran,Productie en distributie,Produksjon og distribusjon,Produkcja i dystrybucja,Produção e distribuição,Producţie şi distribuţie,Производство и распределение,生产和发售,Proizvodnja in distribucija,Produktion och distribution,生產與分配,ฝ่ายผลิตและจัดจำหน่าย,Üretim ve Dağıtım
1820,GOAMXOP,Customer Service,Kundendienst,Service à la clientèle,顧客サービス,خدمة العملاء,Služby zákazníkům,Kundeservice,Τεχνική υποστήριξη πελατών,Servicio al cliente,Asiakaspalvelu,Korisničke usluge,Ügyfélszolgálat,Layanan pelanggan,Servizio clienti,Тұтынушыларға қызмет көрсету,고객 서비스,Perkhidmatan Pelanggan,Klantenservice,Kundeservice,Obsługa klienta,Serviço ao consumidor,Service pentru client,Служба работы с покупателями,客户服务,Služba za stranke,Kundtjänst,客戶服務,ฝ่ายบริการลูกค้า,Müşteri Hizmetleri
6720,GOCEUCP,Sales,Verkauf,Ventes,販売,المبيعات,Prodej,Salg,Πωλήσεις,Ventas,Myynti,Prodaja,Értékesítés,Penjualan,Vendite,Сатылымдар,판매,Jualan,Verkoop,Salg,Sprzedaż,Vendas,Vânzări,Сбыт,销售,Prodaja,Försäljning,銷售,ฝ่ายขาย,Satış
6740,GOCEUCP,Finance,Finanzen,Finances,財務,مالي,Finance,Økonomi,Οικονομικές Υπηρεσίες,Finanzas,Rahoitus,Financije,Pénzügy,Keuangan,Finanza,Қаржы,재무,Kewangan,Financiën,Finans,Finanse,Finanças,Finanţe,Финансы,财务,Finance,Ekonomi,財務,ฝ่ายการเงิน,Finans
6750,GOCEUCP,Marketing,Marketing,Marketing,マーケティング,تسويق,Marketing,Marketing,Μάρκετινγκ,Marketing,Markkinointi,Marketing,Marketing,Pemasaran,Marketing,Маркетинг,마케팅,Pemasaran,Marketing,Markedsføring,Marketing,Marketing,Marketing,Маркетинг,市场营销,Trženje,Marknadsföring,行銷,ฝ่ายการตลาด,Pazarlama
GOEAX,GOCON,GO Asia Pacific,AUF! Asien-Pazifik,VA - Asie/Pacifique,GO アジア太平洋,GO - آسيا والمحيط الهادي,GO Asie a Tichomoří,GO Det Asiatiske stillehavsområde,ΕΛΑ Ασίας/Ειρηνικού,VA Asia-Pacífico,GO Tyynenmeren Aasia,GO Azija Pacifik,KERT Ázsia-Csendes-óceán,Asia Pasifik GO,GO Asia Pacifico,GO Asia Pacific,GO 아시아/태평양,GO Asia Pasifik,ABC Zuidoost-Azië,TUR Asia Stillehavet,Azja i Pacyfik WIO,GA Ásia Pacífico,GO Asia Pacific,GO Asia Pacific,GO Asia Pacific,GO Azija-Pacifik,GO Asien Oceanien,大生活家亞太,GO เอเชียแปซิฟิก,GO Asya Pasifik
GOEAXOP,GOEAX,GO Asia Pacific operations,AUF! Asien-Pazifik - Operatives Geschäft,VA - Asie/Pacifique - Opérations,GO アジア太平洋事業部門,GO - العمليات في آسيا والمحيط الهادي,GO Asie a Tichomoří provoz,GO Det Asiatiske stillehavsområde operationer,Επιχειρήσεις ΕΛΑ Ασίας/Ειρηνικού,Operaciones de VA Asia-Pacífico,"GO Tyynenmeren Aasia, toiminnot",GO Azija Pacifik operacije,KERT Ázsia-Csendes-óceán műveletek,Operasi Asia Pasifik GO,GO Asia Pacifico - Operazioni,GO Asia Pacific әрекеттері,GO 아시아/태평양 경영본부,Operasi GO Asia Pasifik,ABC Zuidoost-Azië - operations,TUR Asia Stillehavet drift,Azja i Pacyfik WIO - działalność operacyjna,GA Ásia Pacífico - operações,Operaţii GO Asia Pacific,Операции филиалов GO Asia Pacific,GO Asia Pacific 营业单位,GO Azija-Pacifik operacije,GO Asien Oceanien operationer,大生活家亞太營業單位,ฝ่ายปฏิบัติงาน GO เอเชียแปซิฟิก,GO Asya Pasifik operasyonlar
GOEUXCP,GOEUX,GO Accessories corporate,AUF! Zubehör - Firmenhauptsitz,VA - Accessoires - Siège social,GO Accessories 本社部門,GO - شركات الاكسسوارات,GO Accessories podnik.,GO tilbehør koncern,Όμιλος ΕΛΑ Αξεσουάρ,Accesorios de VA corporativo,"GO Accessories, yritys",GO Dodaci korporativno,KERT Kiegészítők vállalati,Korporat aksesori GO,GO Accessori - Sede principale,GO Accessories қауымдастығы,GO 부속품 회사,Korporat Aksesori GO,ABC Accessoires - corporate,TUR Tilbehør selskap,Akcesoria firmowe WIO,GA Acessórios - corporativa,Corporaţia GO Accesorii,"Корпоративный филиал ""Аксессуары GO""",GO Accessories 公司,GO Pripomočki podjetniško,GO Tillbehör företag,大生活家附屬公司,บริษัท GO Accessories,GO Aksesuarları kurumsal
GOAMXCP,GOAMX,GO Americas corporate,AUF! Nord- und Südamerika - Firmenhauptsitz,VA - Amériques - Siège social,GO アメリカ本社部門,GO - شركات الأمريكتين,GO Amerika podnik.,GO Amerika koncern,Όμιλος ΕΛΑ Αμερικής,VA América corporativo,"GO Amerikka, yritys",GO Amerike korporativno,KERT Amerika vállalati,Korporat Amerika GO,GO America - Sede principale,GO Americas қауымдығы,GO 미주지역 회사,Korporat GO Amerika,ABC Amerika - corporate,TUR Amerika selskap,Ameryka WIO - firmowe,GA Américas - corporativa,GO corporaţie Americi,Корпоративный филиал GO Americas,GO Americas 公司,GO Severna in Južna Amerika podjetniško,GO Amerika företag,大生活家美洲公司,บริษัท GO อเมริกา,GO Amerika Kıtası kurumsal
GOCCP,GOCON,GO Consolidated corporate,AUF! Konzern - Firmenhauptsitz,VA consolidée - Siège social,GO 連結法人,GO - الشركات الموحدة,GO Consolidated podnik.,GO konsolideret koncern,ΕΛΑ - Ενοποιημένες καταστάσεις ομίλου,VA corporativo consolidado,"GO Consolidated, yritys",GO konsolidirano korporativno,KERT Konszolidált vállalati,Korporat terpadu GO,GO Unificato - Sede principale,GO Consolidated қауымдастығы,GO 합병 회사,Korporat GO Berkaitan,ABC Geconsolideerd - corporate,TUR Konsolidert selskap,WIO - skonsolidowane firmowe,GA Consolidada - corporativa,Corporaţia GO Consolidated,Корпоративный филиал GO Consolidated,GO Consolidated 公司,GO Consolidated podjetniško,GO Konsoliderat företag,大生活家聯合公司,กลุ่มบริษัท GO,GO Birleşmiş kurumsal
GOCEU,GOEUX,GO Central Europe,AUF! Mitteleuropa,VA - Europe centrale,GO 中欧,GO - وسط أوربا,GO střední Evropa,GO Centraleuropa,ΕΛΑ Κεντρικής Ευρώπης,VA Europa central,GO Keski-Eurooppa,GO Srednja Europa,KERT Közép-Európa,Eropa Tengah GO,GO Europa centrale,GO Central Europe,GO 중부유럽,GO Eropah Tengah,ABC Midden-Europa,TUR Sentral-Europa,Europa Środkowa WIO,GA Europa Central,GO Eurola centrală,GO Central Europe,GO Central Europe,GO Srednja Evropa,GO Centraleuropa,大生活家中歐,GO ยุโีรปกลาง,GO Orta Avrupa
7700,GOSEUCP,Corporate,Unternehmensleitung,Société,経営幹部,شركة,Podniková,Firma,Εταιρική,Corporativo,Yritys,Korporativni,Vállalati,Korporat,Aziendale,Қауымдық,회사,Korporat,Corporate,Bedriftsledelsen,firmy,Corporativo,Corporatist,Корпоративный,公司,Vodstvo,Företag,公司,องค์กร,Kurumsal
7710,GOSEUCP,Procurement,Einkauf,Approvisionnement,調達,المشتريات,Nákup,Indkøb,Προμήθειες,Compras,Hankinta,Nabava,Beszerzés,Pengadaan,Acquisti,Қамтамасыз ету,조달,Pemerolehan,Inkoop,Innkjøp,Zaopatrzenie,Compras,Achiziţii,Закупка,采购,Nabava,Upphandling,採購,ฝ่ายจัดซื้อ,Tedarik
7720,GOSEUCP,Sales,Verkauf,Ventes,販売,المبيعات,Prodej,Salg,Πωλήσεις,Ventas,Myynti,Prodaja,Értékesítés,Penjualan,Vendite,Сатылымдар,판매,Jualan,Verkoop,Salg,Sprzedaż,Vendas,Vânzări,Сбыт,销售,Prodaja,Försäljning,銷售,ฝ่ายขาย,Satış
8750,GOEUXCP,Marketing,Marketing,Marketing,マーケティング,تسويق,Marketing,Marketing,Μάρκετινγκ,Marketing,Markkinointi,Marketing,Marketing,Pemasaran,Marketing,Маркетинг,마케팅,Pemasaran,Marketing,Markedsføring,Marketing,Marketing,Marketing,Маркетинг,市场营销,Trženje,Marknadsföring,行銷,ฝ่ายการตลาด,Pazarlama
8800,GOEUXOP,Operations,Operations,Opérations,業務,العمليات,Provoz,Drift,Συντονιστικές και Διαχειριστικές Υπηρεσίες,Operaciones,Toiminnot,Operacije,Műveletek,Operasi,Operazioni,Әрекеттер,경영본부,Operasi,Operations,Drift,Działalność operacyjna,Operações,Operaţii,Операции,运营,Operacije,Drift,營業,ฝ่ายปฏิบัติการ,Operasyonlar
8820,GOEUXOP,Customer Service,Kundendienst,Service à la clientèle,顧客サービス,خدمة العملاء,Služby zákazníkům,Kundeservice,Τεχνική υποστήριξη πελατών,Servicio al cliente,Asiakaspalvelu,Korisničke usluge,Ügyfélszolgálat,Layanan pelanggan,Servizio clienti,Тұтынушыларға қызмет көрсету,고객 서비스,Perkhidmatan Pelanggan,Klantenservice,Kundeservice,Obsługa klienta,Serviço ao consumidor,Service pentru client,Служба работы с покупателями,客户服务,Služba za stranke,Kundtjänst,客戶服務,ฝ่ายบริการลูกค้า,Müşteri Hizmetleri
GOSEUOP,GOSEU,GO Southern Europe operations,AUF! Südeuropa - Operatives Geschäft,VA - Europe du Sud - Opérations,GO 南欧事業部門,GO - العمليات في جنوب أوربا,GO jižní Evropa provoz,GO Sydeuropa operationer,Επιχειρήσεις ΕΛΑ Νοτίου Ευρώπης,Operaciones de VA Europa del sur,"GO Etelä-Eurooppa, toiminnot",GO Južna Europa operacije,KERT Dél-Európa műveletek,Operasi Eropa Selatan GO,GO Europa meridionale - Eliminazioni,GO Southern Europe әрекеттері,GO 남부유럽 경영본부,Operasi GO Eropah Selatan,ABC Zuid-Europa - operations,TUR Sør-Europa drift,Europa Południowa WIO - działalność operacyjna,GA Sul da Europa - operações,Operaţii GO Europa de sud,Операции филиалов GO Southern Europe,GO Southern Europe 营业单位,GO Južna Evropa operacije,GO Sydeuropa operationer,大生活家南歐營業單位,ฝ่ายปฏิบัติงาน GO ยุโรปใต้,GO Güney Avrupa operasyonlar
1700,GOAMXCP,Corporate,Unternehmensleitung,Société,経営幹部,شركة,Podniková,Firma,Εταιρική,Corporativo,Yritys,Korporativni,Vállalati,Korporat,Aziendale,Қауымдық,회사,Korporat,Corporate,Bedriftsledelsen,firmy,Corporativo,Corporatist,Корпоративный,公司,Vodstvo,Företag,公司,องค์กร,Kurumsal
5800,GONEUOP,Operations,Operations,Opérations,業務,العمليات,Provoz,Drift,Συντονιστικές και Διαχειριστικές Υπηρεσίες,Operaciones,Toiminnot,Operacije,Műveletek,Operasi,Operazioni,Әрекеттер,경영본부,Operasi,Operations,Drift,Działalność operacyjna,Operações,Operaţii,Операции,运营,Operacije,Drift,營業,ฝ่ายปฏิบัติการ,Operasyonlar
5810,GONEUOP,Production and Distribution,Produktion und Distribution,Production et distribution,製造販売,الانتاج والتوزيع,Výroba a distribuce,Produktion og distribution,Παραγωγή και Διανομή,Producción y distribución,Tuotanto ja jakelu,Proizvodnja i distribucija,Termelés és elosztás,Produksi dan Distribusi,Produzione e distribuzione,Өндіру және үлестіру,생산 및 유통,Penghasilan dan Pengedaran,Productie en distributie,Produksjon og distribusjon,Produkcja i dystrybucja,Produção e distribuição,Producţie şi distribuţie,Производство и распределение,生产和发售,Proizvodnja in distribucija,Produktion och distribution,生產與分配,ฝ่ายผลิตและจัดจำหน่าย,Üretim ve Dağıtım
5820,GONEUOP,Customer Service,Kundendienst,Service à la clientèle,顧客サービス,خدمة العملاء,Služby zákazníkům,Kundeservice,Τεχνική υποστήριξη πελατών,Servicio al cliente,Asiakaspalvelu,Korisničke usluge,Ügyfélszolgálat,Layanan pelanggan,Servizio clienti,Тұтынушыларға қызмет көрсету,고객 서비스,Perkhidmatan Pelanggan,Klantenservice,Kundeservice,Obsługa klienta,Serviço ao consumidor,Service pentru client,Служба работы с покупателями,客户服务,Služba za stranke,Kundtjänst,客戶服務,ฝ่ายบริการลูกค้า,Müşteri Hizmetleri
GOAMXOP,GOAMX,GO Americas operations,AUF! Nord- und Südamerika - Operatives Geschäft,VA - Amériques - Opérations,GO アメリカ事業部門,GO - العمليات في الأمريكتين,GO Amerika provoz,GO Amerika operationer,Επιχειρήσεις ΕΛΑ Αμερικής,Operaciones de VA América,"GO Amerikka, toiminnot",GO Amerike operacije,KERT Amerika műveletek,Operasi Amerika GO,GO America - Operazioni,GO Americas әрекеттері,GO 미주지역 경영본부,Operasi GO Amerika,ABC Amerika - operations,TUR Amerika drift,Ameryka WIO - działalność operacyjna,GA Américas - operações,GO operaţii Americi,Операции филиалов GO Americas,GO Americas 营业单位,GO Severna in Južna Amerika operacije,GO Amerika operationer,大生活家美洲營業單位,ฝ่ายปฏิบัติงาน GO อเมริกา,GO Amerika Kıtası operasyonlar
GOCEL,GOCON,GO Consolidated eliminations,AUF! Konzern - Eliminierungen,VA consolidée - Éliminations,GO 連結内部取引消去,GO - التصفيات الموحدة,GO Consolidated eliminace,GO Konsolideret elimineringer,ΕΛΑ - Ενοποιημένες καταστάσεις - Διορθωτικά ποσά,Eliminaciones de VA consolidadas,"GO Consolidated, poistot",GO konsolidirane eliminacije,KERT Konszolidált eliminációk,Eliminasi terpadu GO,GO Unificato - Eliminazioni,GO Consolidated ерекшеліктері,GO 합병 제거,Penyingkiran GO Berkaitan,ABC Geconsolideerd - eliminaties,TUR Konsolidert elimineringer,WIO - skonsolidowane eliminacje,GA Consolidada - eliminações,Eliminări GO Consolidated,Ликвидация филиалов GO Consolidated,GO Consolidated 删减单位,GO Consolidated eliminacije,GO Konsoliderade elimineringar,大生活家聯合刪減單位,การตัดบัญชีรวม กลุ่ม GO,GO Birleşmiş tasfiyeler
GOCEUEL,GOCEU,GO Central Europe eliminations,AUF! Mitteleuropa - Eliminierungen,VA - Europe centrale - Éliminations,GO 中欧内部取引消去,GO - التصفيات في وسط أوربا,GO střední Evropa eliminace,GO Centraleuropa elimineringer,ΕΛΑ Κεντρικής Ευρώπης-Διορθωτικά ποσά,Eliminaciones de VA Europa central,"GO Keski-Eurooppa, poistot",GO Srednja Europa eliminacije,KERT Közép-Európa eliminációk,Eliminasi Eropa Tengah GO,GO Europa centrale - Eliminazioni,GO Central Europe ерекшеліктері,GO 중부유럽 제거,Penyingkiran GO Eropah Tengah,ABC Midden-Europa - eliminaties,TUR Sentral-Europa elimineringer,Europa Środkowa WIO - eliminacje,GA Europa Central - eliminações,Eliminări GO Europa Centrală,Ликвидация филиалов GO Central Europe,GO Central Europe 删减单位,GO Srednja Evropa eliminacije,GO Centraleuropa elimineringar,大生活家中歐刪減單位,การตัดบัญชี GO ยุโรปกลาง,GO Orta Avrupa tasfiyeler
7810,GOSEUOP,Production and Distribution,Produktion und Distribution,Production et distribution,製造販売,الانتاج والتوزيع,Výroba a distribuce,Produktion og distribution,Παραγωγή και Διανομή,Producción y distribución,Tuotanto ja jakelu,Proizvodnja i distribucija,Termelés és elosztás,Produksi dan Distribusi,Produzione e distribuzione,Өндіру және үлестіру,생산 및 유통,Penghasilan dan Pengedaran,Productie en distributie,Produksjon og distribusjon,Produkcja i dystrybucja,Produção e distribuição,Producţie şi distribuţie,Производство и распределение,生产和发售,Proizvodnja in distribucija,Produktion och distribution,生產與分配,ฝ่ายผลิตและจัดจำหน่าย,Üretim ve Dağıtım
8199,GOEUXOP,GO Europe unspecified,AUF! Europa - nicht angegeben,VA - Europe - Non définie,GO 欧州 (指定なし),GO - غير محدد في أوربا,GO Evropa neurčeno,GO Europa uspecificeret,ΕΛΑ Ευρώπης-Μη ενοποιημένα ποσά,VA Europa sin especificar,"GO Eurooppa, määrittämätön",GO Europa nespecificirano,KERT Európa - nem meghatározott,Eropa tidak ditetapkan GO,GO Europa - non specificato,GO Europe көрсетілмеген,GO 유럽 명시되지 않음,GO Eropah tidak ditentukan,ABC Europa - algemeen,TUR Europa uspesifisert,Europa WIO - nieokreślone,GA Europa - não especificada,GO Europa nespecificat,Не указанные филиалы GO в Европе,未指定 GO Europe,GO Evropa nepodano,GO Europa ospecificerat,大生活家歐洲 - 未指定,GO ยุโรป ไม่ระบุ,GO Avrupa belirtilmemiş
8710,GOEUXCP,Procurement,Einkauf,Approvisionnement,調達,المشتريات,Nákup,Indkøb,Προμήθειες,Compras,Hankinta,Nabava,Beszerzés,Pengadaan,Acquisti,Қамтамасыз ету,조달,Pemerolehan,Inkoop,Innkjøp,Zaopatrzenie,Compras,Achiziţii,Закупка,采购,Nabava,Upphandling,採購,ฝ่ายจัดซื้อ,Tedarik
GOEUXEL,GOEUX,GO Accessories eliminations,AUF! Zubehör - Eliminierungen,VA - Accessoires - Éliminations,GO Accessories 内部取引消去,GO - تصفيات الاكسسوارات,GO Accessories eliminace,GO tilbehør elimineringer,ΕΛΑ Αξεσουάρ-Διορθωτικά ποσά,Eliminaciones de accesorios de VA,"GO Accessories, poistot",GO Dodaci eliminacije,KERT Kiegészítők eliminációk,Eliminasi aksesori GO,GO Accessori - Eliminazioni,GO Accessories ерекшеліктері,GO 부속품 제거,Penyingkiran Aksesori GO,ABC Accessoires - eliminaties,TUR Tilbehør elimineringer,Akcesoria WIO - eliminacje,GA Acessórios - eliminações,Eliminări GO Accesorii,"Ликвидация филиалов ""Аксессуары GO""",GO Accessories 删减单位,GO Pripomočki eliminacije,GO Tillbehör elimineringar,大生活家附屬刪減單位,การตัดบัญชี GO Accessories,GO Aksesuarları tasfiyeler
GONEU,GOEUX,GO Northern Europe,AUF! Nordeuropa,VA - Europe du Nord,GO 北欧,GO - شمال أوربا,GO severní Evropa,GO Nordeuropa,ΕΛΑ Βορείου Ευρώπης,VA Europa del norte,GO Pohjois-Eurooppa,GO Sjeverna Europa,KERT Észak-Európa,Eropa Utara GO,GO Europa settentrionale,GO Northern Europe,GO 북유럽,GO Eropah Utara,ABC Noord-Europa,TUR Nord-Europa,Europa Północna WIO,GA Norte da Europa,GO Europa de nord,GO Northern Europe,GO Northern Europe,GO Severna Evropa,GO Nordeuropa,大生活家北歐,GO ยุโรปเหนือ,GO Kuzey Avrupa
GONEUOP,GONEU,GO Northern Europe operations,AUF! Nordeuropa - Operatives Geschäft,VA - Europe du Nord - Opérations,GO 北欧事業部門,GO - العمليات في شمال أوربا,GO severní Evropa provoz,GO Nordeuropa operationer,Επιχειρήσεις ΕΛΑ Βορείου Ευρώπης,Operaciones de VA Europa del norte,"GO Pohjois-Eurooppa, toiminnot",GO Sjeverna Europa operacije,KERT Észak-Európa műveletek,Operasi Eropa Utara GO,GO Europa settentrionale - Operazioni,GO Northern Europe әрекеттері,GO 북유럽 경영본부,Operasi GO Eropah Utara,ABC Noord-Europa - operations,TUR Nord-Europa drift,Europa Północna WIO - działalność operacyjna,GA Norte da Europa - operações,Operaţii GO Europa de nord,Операции филиалов GO Northern Europe,GO Northern Europe 营业单位,GO Severna Evropa operacije,GO Nordeuropa operationer,大生活家北歐營業單位,ฝ่ายปฏิบัติงาน GO ยุโรปเหนือ,GO Kuzey Avrupa operasyonlar
7730,GOSEUCP,Human Resources,Personalabteilung,Ressources humaines,人事,الموارد البشرية,Personalistika,Personale,Ανθρώπινοι πόροι,Recursos humanos,Henkilöstöhallinta,Ljudski resursi,Emberi erőforrások,Sumber Daya Manusia,Risorse Umane,Кадрлар бөлімі,인사,Sumber Manusia,Personeelszaken,HR (Human Resources),Zarządzanie Kadrami,Recursos humanos,Resurse umane,Кадры,人力资源,Kadrovska služba,Personal,人力資源,ฝ่ายทรัพยากรบุคคล,İnsan Kaynakları
7750,GOSEUCP,Marketing,Marketing,Marketing,マーケティング,تسويق,Marketing,Marketing,Μάρκετινγκ,Marketing,Markkinointi,Marketing,Marketing,Pemasaran,Marketing,Маркетинг,마케팅,Pemasaran,Marketing,Markedsføring,Marketing,Marketing,Marketing,Маркетинг,市场营销,Trženje,Marknadsföring,行銷,ฝ่ายการตลาด,Pazarlama
7760,GOSEUCP,Information Services and Technology,Informationstechnologie,Services et technologies de l'information,情報サービス/技術,خدمات وتكنولوجيا المعلومات,Informační služby a technologie,IT,Υπηρεσίες και Τεχνολογίες Πληροφοριών,Servicios y tecnología de la información,Tietopalvelut ja -tekniikka,Informacijske usluge i tehnologija,Információs szolgáltatások és technológia,Layanan dan Teknologi Informasi,Tecnologie informatiche,Ақпараттық қызмет пен технология,정보 서비스 및 기술,Perkhidmatan dan Teknologi Maklumat,Informatieservices & technologie,Informasjonstjenester og informasjonsteknologi,Usługi informatyczne oraz IT,Serviços de informação e tecnologia,Servicii informatice şi Tehnologie informatică,Информационные услуги и технологии,信息服务和技术,Informacijske storitve in tehnologija,Informationstjänster och IT,資訊服務與技術,ฝ่ายเทคโนโลยีและบริการสารสนเทศ,Bilgi Hizmetleri ve Teknolojisi
GOEAXEL,GOEAX,GO Asia Pacific eliminations,AUF! Asien-Pazifik - Eliminierungen,VA - Asie - Pacifique - Éliminations,GO アジア太平洋内部取引消去,GO - التصفيات في آسيا والمحيط الهادي,GO Asie a Tichomoří eliminace,GO Det Asiatiske stillehavsområde elimineringer,ΕΛΑ Ασίας/Ειρηνικού-Διορθωτικά ποσά,Eliminaciones de VA Asia-Pacífico,"GO Tyynenmeren Aasia, poistot",GO Azija Pacifik eliminacije,KERT Ázsia-Csendes-óceán eliminációk,Eliminasi Asia Pasifik GO,GO Asia Pacifico - Eliminazioni,GO Asia Pacific ерекшеліктері,GO 아시아/태평양 제거,Penyingkiran GO Asia Pasifik,ABC Zuidoost-Azië - eliminaties,TUR Asia Stillehavet elimineringer,Azja i Pacyfik WIO - eliminacje,GA Ásia Pacífico - eliminações,Eliminări GO Asia Pacific,Ликвидация филиалов GO Asia Pacific,GO Asia Pacific 删减单位,GO Azija-Pacifik eliminacije,GO Asien Oceanien elimineringar,大生活家亞太刪減單位,การตัดบัญชี GO เอเชียแปซิฟิก,GO Asya Pasifik tasfiyeler
GOEUXOP,GOEUX,GO Accessories operations,AUF! Zubehör - Operatives Geschäft,VA - Accessoires - Opérations,GO Accessories 事業部門,GO - عمليات الاكسسوارات,GO Accessories provoz,GO Tilbehør operationer,Επιχειρήσεις ΕΛΑ Αξεσουάρ,Operaciones de accesorios de VA,"GO Accessories, toiminnot",GO Dodaci operacije,KERT Kiegészítők műveletek,Operasi aksesori GO,GO Accessori - Operazioni,GO Accessories әрекеттері,GO 부속품 경영본부,Operasi Aksesori GO,ABC Accessoires - operations,TUR Tilbehør drift,Akcesoria WIO - działalność operacyjna,GA Acessórios - operações,Operaţii GO Accesorii,"Операции филиалов ""Аксессуары GO""",GO Accessories 营业单位,GO Pripomočki operacije,GO Tillbehör operationer,大生活家附屬營業單位,ฝ่ายปฏิบัติงาน GO Accessories,GO Aksesuarları operasyonlar
GONEUEL,GONEU,GO Northern Europe eliminations,AUF! Nordeuropa - Eliminierungen,VA - Europe du Nord - Éliminations,GO 北欧内部取引消去,GO - التصفيات في شمال أوربا,GO severní Evropa eliminace,GO Nordeuropa elimineringer,ΕΛΑ Βορείου Ευρώπης-Διορθωτικά ποσά,Eliminaciones de VA Europa del norte,"GO Pohjois-Eurooppa, poistot",GO Sjeverna Europa eliminacije,KERT Észak-Európa eliminációk,Eliminasi Eropa Utara GO,GO Europa settentrionale - Eliminazioni,GO Northern Europe ерекшеліктері,GO 북유럽 제거,Penyingkiran GO Eropah Utara,ABC Noord-Europa - eliminaties,TUR Nord-Europa elimineringer,Europa Północna WIO - eliminacje,GA Norte da Europa - eliminações,Eliminări GO Europa de nord,Ликвидация филиалов GO Northern Europe,GO Northern Europe 删减单位,GO Severna Evropa eliminacije,GO Nordeuropa elimineringar,大生活家北歐刪減單位,การตัดบัญชี GO ยุโรปเหนือ,GO Kuzey Avrupa tasfiyeler
7820,GOSEUOP,Customer Service,Kundendienst,Service à la clientèle,顧客サービス,خدمة العملاء,Služby zákazníkům,Kundeservice,Τεχνική υποστήριξη πελατών,Servicio al cliente,Asiakaspalvelu,Korisničke usluge,Ügyfélszolgálat,Layanan pelanggan,Servizio clienti,Тұтынушыларға қызмет көрсету,고객 서비스,Perkhidmatan Pelanggan,Klantenservice,Kundeservice,Obsługa klienta,Serviço ao consumidor,Service pentru client,Служба работы с покупателями,客户服务,Služba za stranke,Kundtjänst,客戶服務,ฝ่ายบริการลูกค้า,Müşteri Hizmetleri
8700,GOEUXCP,Corporate,Unternehmensleitung,Société,経営幹部,شركة,Podniková,Firma,Εταιρική,Corporativo,Yritys,Korporativni,Vállalati,Korporat,Aziendale,Қауымдық,회사,Korporat,Corporate,Bedriftsledelsen,firmy,Corporativo,Corporatist,Корпоративный,公司,Vodstvo,Företag,公司,องค์กร,Kurumsal
8730,GOEUXCP,Human Resources,Personalabteilung,Ressources humaines,人事,الموارد البشرية,Personalistika,Personale,Ανθρώπινοι πόροι,Recursos humanos,Henkilöstöhallinta,Ljudski resursi,Emberi erőforrások,Sumber Daya Manusia,Risorse Umane,Кадрлар бөлімі,인사,Sumber Manusia,Personeelszaken,HR (Human Resources),Zarządzanie Kadrami,Recursos humanos,Resurse umane,Кадры,人力资源,Kadrovska služba,Personal,人力資源,ฝ่ายทรัพยากรบุคคล,İnsan Kaynakları
